Report ID,Report Version,Reporting Entity,Report Type,Report Month,Report Year,Report Submission Date,VIN,VIN - Unknown,Serial Number,Make,Model,Model - Unknown,Model Year,Model Year - Unknown,Same Vehicle ID,Mileage,Mileage - Unknown,Driver / Operator Type,ADAS/ADS System Version,ADAS/ADS System Version - Unk,ADAS/ADS System Version CBI,ADAS/ADS Hardware Version,ADAS/ADS Hardware Version - Unk,ADAS/ADS Hardware Version CBI,ADAS/ADS Software Version,ADAS/ADS Software Version - Unk,ADAS/ADS Software Version CBI,Other Reporting Entities?,Other Reporting Entities? - Unk,Other Reporting Entities? - NA,Federal Regulatory Exemption?,Other Federal Reg. Exemption,Federal Reg. Exemption - Unk,Federal Reg. Exemption - No,State or Local Permit?,State or Local Permit,ADS Equipped?,Automation System Engaged?,Operating Entity,Operating Entity - Unknown,Source - Complaint/Claim,Source - Telematics,Source - Law Enforcement,Source - Field Report,Source - Testing,Source - Media,Source - Other,Source - Other Text,Incident Date,Incident Date - Unknown,Notice Received Date,Incident Time (24:00),Incident Time - Unknown,Same Incident ID,Latitude,Latitude - Unknown,Longitude,Longitude - Unknown,Address,Address - Unknown,City,City - Unknown,State,Zip Code,Zip Code - Unknown,Roadway Type,Roadway Surface,Roadway Description,Posted Speed Limit (MPH),Posted Speed Limit - Unknown,Lighting,Weather - Clear,Weather - Snow,Weather - Cloudy,Weather - Fog/Smoke,Weather - Rain,Weather - Severe Wind,Weather - Unknown,Weather - Other,Weather - Other Text,Crash With,Highest Injury Severity Alleged,Property Damage?,CP Pre-Crash Movement,CP Any Air Bags Deployed?,CP Was Vehicle Towed?,CP Contact Area - Rear Left,CP Contact Area - Left,CP Contact Area - Front Left,CP Contact Area - Rear,CP Contact Area - Top,CP Contact Area - Front,CP Contact Area - Rear Right,CP Contact Area - Right,CP Contact Area - Front Right,CP Contact Area - Bottom,CP Contact Area - Unknown,SV Pre-Crash Movement,SV Any Air Bags Deployed?,SV Was Vehicle Towed?,SV Were All Passengers Belted?,SV Precrash Speed (MPH),SV Pre-crash Speed - Unknown,SV Contact Area - Rear Left,SV Contact Area - Left,SV Contact Area - Front Left,SV Contact Area - Rear,SV Contact Area - Top,SV Contact Area - Front,SV Contact Area - Rear Right,SV Contact Area - Right,SV Contact Area - Front Right,SV Contact Area - Bottom,SV Contact Area - Unknown,Data Availability - EDR,Data Availability - Police Rpt,Data Availability - Telematics,Data Availability - Complaints,Data Availability - Video,Data Availability - Other,Data Availability - No Data,Data Availability - Unknown,Law Enforcement Investigating?,Investigating Agency,Investigating Agency - Unknown,Rep Ent Or Mfr Investigating?,Investigating Officer Name,Inv. Officer Name - Unknown,Investigating Officer Phone,Inv. Officer Phone - Unknown,Investigating Officer Email,Inv. Officer Email - Unknown,Within ODD?,Within ODD? - CBI,Narrative,Narrative - CBI?
10003-6050,1,"Navistar, Inc.",5-Day,,,AUG-2023,3HSDZAPRXNN, ,N/A,International,LT625, ,2022, ,b118d2fffb95a30,,Y,Consumer,Bendix Lane Keep Assist - Version unknown, , ,"ABS ECU, Safety Direct Processor, and FLC20 Camera - version unknown", , ,,Y, ,, ,Y,,, ,Y,Unknown,,Yes,"Unknown, see Narrative",, ,Y, , , , , , ,,DEC-2022, ,AUG-2023,08:20, ,107615b2f60ddf7,[MAY CONTAIN PERSONALLY IDENTIFIABLE INFORMATION], ,[MAY CONTAIN PERSONALLY IDENTIFIABLE INFORMATION], ,[MAY CONTAIN PERSONALLY IDENTIFIABLE INFORMATION], ,Natural Bridge, ,VA ,,Y,Highway / Freeway,Dry,No Unusual Conditions,70, ,Daylight,Y, , , , , , , ,,Other Fixed Object,No Injuries Reported,Yes,,,, , , , , , , , , , , ,Proceeding Straight,No,Yes,Yes,55, ,Y,Y,Y, , ,Y,Y,Y,Y, , ,Y,Y, , , , , , ,Yes,Virginia State Police, ,Yes,[MAY CONTAIN PERSONALLY IDENTIFIABLE INFORMATION], ,,Y,,Y,"Unknown, see Narrative", ,"This vehicle is equipped with Lane Keep Assist (LKA) feature. At this time, the status of the LKA system during this event is unknown. Vehicle 1 (V1) was Northbound on [XXX] in Rockbridge County near Natural Bridge, Virginia. As stated in the police report, V1 ran off road left, struck the guardrail, went over embankment, and struck several trees. V1 was towed from the scene and operator of V1 was issued a citation. The road at the crash location curves to the right. Available EDR data indicates no significant changes in speed or direction in the 7 seconds prior to the incident.",
540-6036,1,"General Motors, LLC",5-Day,,,AUG-2023,5G21A6P07P4, ,N/A,Cruise,AV, ,2023, ,fd9caa334f9fbc8,8883, ,Remote (Commercial / Test),,Y, ,,Y, ,,Y, ,Cruise LLC, , ,,, ,Y,Yes (specify below),CA,Yes,ADS,Cruise LLC, , ,Y, ,Y, , , ,,AUG-2023, ,AUG-2023,09:48, ,8769ad7314aa0a5,[MAY CONTAIN PERSONALLY IDENTIFIABLE INFORMATION], ,[MAY CONTAIN PERSONALLY IDENTIFIABLE INFORMATION], ,[MAY CONTAIN PERSONALLY IDENTIFIABLE INFORMATION], ,San Francisco, ,CA ,[MAY CONTAIN PERSONALLY IDENTIFIABLE INFORMATION], ,Street,Dry,No Unusual Conditions,25, ,Daylight, , ,Y, , , , , ,,SUV,No Injuries Reported,Yes,Proceeding Straight,No,No, , , , , ,Y, , , , , ,"Other, see Narrative",No,Yes,No Passengers in Vehicle,5, , , , ,Y, , , , , , , ,Y, ,Y, ,Y,Y, , ,No,, ,Yes,, ,, ,, ,"Unknown, see Narrative", ,"On August 7, 2023, GM Cruise Holdings LLC (""Cruise"") filed an Incident Report (the ""Report"") under the Second Amended Standing General Order 2021-01, dated April 5, 2023 (the ""Order"") General Motors LLC (GM) manufactured the Cruise-operated motor vehicle involved in the incident summarized in the Incident Report. Because GM is also a Reporting Entity under the Order, GM is submitting a duplicate of the redacted public copy of the Report. GM has selected ""Unknown"" in the ""ADS version"" and ""ODD time"" fields solely to avoid a second submission of nonpublic Cruise CBI GM is in possession of Cruise's responses to these fields, and incorporates Cruise's responses into this submission by reference. GM's submission is based on facts supplied to GM by Cruise. GM has not investigated the alleged incident and currently believes, based on a reasonable inquiry, that it has no independent knowledge of the facts in the Report. (Reference file: 30412-6020-1).",
30413-6032,1,May Mobility,Monthly,7,2023,AUG-2023,5TDYRKEC8MS, ,N/A,Toyota,Sienna, ,2021, ,285ccaeedd1a80e,18444, ,In-Vehicle (Commercial / Test),4, , ,4, , ,4, , ,, ,Y,,, ,Y,Unknown,,Yes,ADS,May Mobility, , , , ,Y, , , ,,JUL-2023, ,JUL-2023,17:25, ,445549ec1774083,[MAY CONTAIN PERSONALLY IDENTIFIABLE INFORMATION], ,[MAY CONTAIN PERSONALLY IDENTIFIABLE INFORMATION], ,[MAY CONTAIN PERSONALLY IDENTIFIABLE INFORMATION], ,Grand Rapids, ,MN ,[MAY CONTAIN PERSONALLY IDENTIFIABLE INFORMATION], ,Street,Dry,"Other, see Narrative",30, ,Daylight,Y, , , , , , , ,,Pickup Truck,No Injuries Reported,No,Proceeding Straight,No,No, , , , , ,Y, , , , , ,Stopped,No,No,No Passengers in Vehicle,0, , , , ,Y, , , , , , , , , , , ,Y, , , ,No,, ,Yes,, ,, ,, ,Yes, ,"The May vehicle came to a gentle stop at the railroad crossing (about -0.8 m/s2 deceleration) as designed, but the agent behind did not come to a stop and made contact with the AV. The May shuttle behaved as expected and slowed down to a stop in a safe manner. The collision was unavoidable from the shuttle side.",
30412-6020,1,Cruise LLC,5-Day,,,AUG-2023,5G21A6P07P4, ,N/A,Cruise,AV, ,2023, ,fd9caa334f9fbc8,8883, ,Remote (Commercial / Test),"[REDACTED, MAY CONTAIN CONFIDENTIAL BUSINESS INFORMATION]", ,Y,"[REDACTED, MAY CONTAIN CONFIDENTIAL BUSINESS INFORMATION]", ,Y,"[REDACTED, MAY CONTAIN CONFIDENTIAL BUSINESS INFORMATION]", ,Y,"General Motors, LLC", , ,,, ,Y,Yes (specify below),CA,Yes,ADS,Cruise LLC, , ,Y, ,Y, , , ,,AUG-2023, ,AUG-2023,09:48, ,8769ad7314aa0a5,[MAY CONTAIN PERSONALLY IDENTIFIABLE INFORMATION], ,[MAY CONTAIN PERSONALLY IDENTIFIABLE INFORMATION], ,[MAY CONTAIN PERSONALLY IDENTIFIABLE INFORMATION], ,San Francisco, ,CA ,[MAY CONTAIN PERSONALLY IDENTIFIABLE INFORMATION], ,Street,Dry,No Unusual Conditions,25, ,Daylight, , ,Y, , , , , ,,SUV,No Injuries Reported,Yes,Proceeding Straight,No,No, , , , , ,Y, , , , , ,"Other, see Narrative",No,Yes,No Passengers in Vehicle,5, , , , ,Y, , , , , , , ,Y, ,Y, ,Y,Y, , ,No,, ,Yes,, ,, ,, ,"[REDACTED, MAY CONTAIN CONFIDENTIAL BUSINESS INFORMATION]",Y,"A Cruise autonomous vehicle (""AV""), operating in driverless autonomous mode, was traveling northbound on [XXX] between [XXX] and [XXX]. As the AV braked, a GMC Sierra traveling behind the AV rear-ended the AV, damaging the rear bumper fascia of the AV. The parties exchanged information. There were no reported injuries and the AV was towed from the scene. [REDACTED, MAY CONTAIN CONFIDENTIAL BUSINESS INFORMATION]",Y
540-6011,1,"General Motors, LLC",5-Day,,,AUG-2023,5G21A6P0XN4, ,N/A,Cruise,AV, ,2022, ,1dd7f97fc9a7470,12525, ,Remote (Commercial / Test),,Y, ,,Y, ,,Y, ,Cruise LLC, , ,,, ,Y,Yes (specify below),CA,Yes,ADS,Cruise LLC, , ,Y, ,Y, , , ,,JUL-2023, ,AUG-2023,23:51, ,8a177e450e8774c,[MAY CONTAIN PERSONALLY IDENTIFIABLE INFORMATION], ,[MAY CONTAIN PERSONALLY IDENTIFIABLE INFORMATION], ,[MAY CONTAIN PERSONALLY IDENTIFIABLE INFORMATION], ,San Francisco, ,CA ,[MAY CONTAIN PERSONALLY IDENTIFIABLE INFORMATION], ,Intersection,Dry,No Unusual Conditions,25, ,Dark - Lighted,Y, , , , , , , ,,Pickup Truck,No Injuries Reported,Yes,Proceeding Straight,No,No, , ,Y, , , , , , , , ,"Other, see Narrative",No,No,No Passengers in Vehicle,2, , , , , , , ,Y, , , , ,Y, ,Y, ,Y,Y, , ,Yes,San Francisco Police Department, ,Yes,[MAY CONTAIN PERSONALLY IDENTIFIABLE INFORMATION], ,,Y,,Y,"Unknown, see Narrative", ,"On August 2, 2023, GM Cruise Holdings LLC (""Cruise"") filed an Incident Report (the ""Report"") under the Second Amended Standing General Order 2021-01, dated April 5, 2023 (the ""Order"") General Motors LLC (GM) manufactured the Cruise-operated motor vehicle involved in the incident summarized in the Incident Report. Because GM is also a Reporting Entity under the Order, GM is submitting a duplicate of the redacted public copy of the Report. GM has selected ""Unknown"" in the ""ADS version"" and ""ODD time"" fields solely to avoid a second submission of nonpublic Cruise CBI GM is in possession of Cruise's responses to these fields, and incorporates Cruise's responses into this submission by reference. GM's submission is based on facts supplied to GM by Cruise. GM has not investigated the alleged incident and currently believes, based on a reasonable inquiry, that it has no independent knowledge of the facts in the Report. (Reference file: 30412-6006-1)",
540-5987,2,"General Motors, LLC",10-Day Update,,,AUG-2023,5G21A6P05P4, ,N/A,Cruise,AV, ,2023, ,0af0cbfd9f52fc7,9014, ,Remote (Commercial / Test),,Y, ,,Y, ,,Y, ,Cruise LLC, , ,,, ,Y,Yes (specify below),CA,Yes,ADS,Cruise LLC, , ,Y, ,Y, , , ,,JUL-2023, ,JUL-2023,06:41, ,0cc9d9a746d8ae5,[MAY CONTAIN PERSONALLY IDENTIFIABLE INFORMATION], ,[MAY CONTAIN PERSONALLY IDENTIFIABLE INFORMATION], ,[MAY CONTAIN PERSONALLY IDENTIFIABLE INFORMATION], ,San Francisco, ,CA ,[MAY CONTAIN PERSONALLY IDENTIFIABLE INFORMATION], ,Intersection,Dry,No Unusual Conditions,25, ,Daylight,Y, , , , , , , ,,Passenger Car,Unknown,Yes,Proceeding Straight,No,Yes, , ,Y, , ,Y, , , , , ,Stopped,No,No,No Passengers in Vehicle,0, , , , , , ,Y, , ,Y, , ,Y, ,Y, ,Y,Y, , ,Yes,California Highway Patrol, ,Yes,[MAY CONTAIN PERSONALLY IDENTIFIABLE INFORMATION], ,,Y,,Y,"Unknown, see Narrative", ,"On August 2, 2023, GM Cruise Holdings LLC (""Cruise"") filed a 10-Day Updated Incident Report (the ""Report"") under the Second Amended Standing General Order 2021-01, dated April 5, 2023 (the Order). General Motors LLC (GM) manufactured the Cruise-operated motor vehicle involved in the incident summarized in the Incident Report. Because GM is also a Reporting Entity under the Order, GM is submitting a duplicate of the redacted public copy of the Report. GM has selected ""Unknown"" in the ""ADS version"" and ""ODD time"" fields solely to avoid a second submission of nonpublic Cruise CBI GM is in possession of Cruise's responses to these fields, and incorporates Cruise's responses into this submission by reference. GM's submission is based on facts supplied to GM by Cruise. GM has not investigated the alleged incident and currently believes, based on a reasonable inquiry, that it has no independent knowledge of the facts in the Report. (Reference file: 30412-5982-2)",
30412-6006,1,Cruise LLC,5-Day,,,AUG-2023,5G21A6P0XN4, ,N/A,Cruise,AV, ,2022, ,1dd7f97fc9a7470,12525, ,Remote (Commercial / Test),"[REDACTED, MAY CONTAIN CONFIDENTIAL BUSINESS INFORMATION]", ,Y,"[REDACTED, MAY CONTAIN CONFIDENTIAL BUSINESS INFORMATION]", ,Y,"[REDACTED, MAY CONTAIN CONFIDENTIAL BUSINESS INFORMATION]", ,Y,"General Motors, LLC", , ,,, ,Y,Yes (specify below),CA,Yes,ADS,Cruise LLC, , ,Y, ,Y, , , ,,JUL-2023, ,JUL-2023,23:51, ,8a177e450e8774c,[MAY CONTAIN PERSONALLY IDENTIFIABLE INFORMATION], ,[MAY CONTAIN PERSONALLY IDENTIFIABLE INFORMATION], ,[MAY CONTAIN PERSONALLY IDENTIFIABLE INFORMATION], ,San Francisco, ,CA ,[MAY CONTAIN PERSONALLY IDENTIFIABLE INFORMATION], ,Intersection,Dry,No Unusual Conditions,25, ,Dark - Lighted,Y, , , , , , , ,,Pickup Truck,No Injuries Reported,Yes,Proceeding Straight,No,No, , ,Y, , , , , , , , ,"Other, see Narrative",No,Yes,No Passengers in Vehicle,2, , , , , , , ,Y, , , , ,Y, ,Y, ,Y,Y, , ,Yes,San Francisco Police Department, ,Yes,[MAY CONTAIN PERSONALLY IDENTIFIABLE INFORMATION], ,,Y,,Y,"[REDACTED, MAY CONTAIN CONFIDENTIAL BUSINESS INFORMATION]",Y,"A Cruise autonomous vehicle (""Cruise AV""), operating in driverless autonomous mode, was traveling northbound on [XXX] between [XXX] and [XXX]. As the Cruise AV was passing through the intersection with [XXX] on a green light, a bag lying on the roadway blew in front of the Cruise AV. The Cruise AV braked for the object, and a white pickup truck traveling behind the Cruise AV rear-ended the Cruise AV, damaging the rear right bumper, rear right quarter panel, and rear windshield. The driver of the white pickup truck left the scene without exchanging information. There were no reported injuries and the Cruise AV was towed. [REDACTED, MAY CONTAIN CONFIDENTIAL BUSINESS INFORMATION]",Y
30412-5982,2,Cruise LLC,10-Day Update,,,AUG-2023,5G21A6P05P4, ,N/A,Cruise,AV, ,2023, ,0af0cbfd9f52fc7,9014, ,Remote (Commercial / Test),"[REDACTED, MAY CONTAIN CONFIDENTIAL BUSINESS INFORMATION]", ,Y,"[REDACTED, MAY CONTAIN CONFIDENTIAL BUSINESS INFORMATION]", ,Y,"[REDACTED, MAY CONTAIN CONFIDENTIAL BUSINESS INFORMATION]", ,Y,"General Motors, LLC", , ,,, ,Y,Yes (specify below),CA,Yes,ADS,Cruise LLC, , ,Y, ,Y, , , ,,JUL-2023, ,JUL-2023,06:41, ,0cc9d9a746d8ae5,[MAY CONTAIN PERSONALLY IDENTIFIABLE INFORMATION], ,[MAY CONTAIN PERSONALLY IDENTIFIABLE INFORMATION], ,[MAY CONTAIN PERSONALLY IDENTIFIABLE INFORMATION], ,San Francisco, ,CA ,[MAY CONTAIN PERSONALLY IDENTIFIABLE INFORMATION], ,Intersection,Dry,No Unusual Conditions,25, ,Daylight,Y, , , , , , , ,,Passenger Car,Unknown,Yes,Proceeding Straight,No,Yes, , ,Y, , ,Y, , , , , ,Stopped,No,No,No Passengers in Vehicle,0, , , , , , ,Y, , ,Y, , ,Y, ,Y, ,Y,Y, , ,Yes,California Highway Patrol, ,Yes,[MAY CONTAIN PERSONALLY IDENTIFIABLE INFORMATION], ,,Y,,Y,"[REDACTED, MAY CONTAIN CONFIDENTIAL BUSINESS INFORMATION]",Y,"A Cruise autonomous vehicle (""Cruise AV""), operating in driverless autonomous mode, was at a complete stop in response to a red light on eastbound [XXX] at the intersection with [XXX]. While the Cruise AV was fully stopped, a multi-vehicle collision occurred on westbound [XXX] on the opposite side of the intersection from the Cruise AV. This caused one of the vehicles, a Toyota Camry, to continue forward across the intersection into the Cruise AV, damaging the front bumper fascia, front parking sensor and front surround camera of the Cruise AV. Police and Emergency Medical Services (EMS) were called to the scene. The passenger of the Toyota Camry was transported by EMS for further evaluation. Several involved vehicles were towed from the scene. [REDACTED, MAY CONTAIN CONFIDENTIAL BUSINESS INFORMATION]",Y
30270-5997,1,Waymo LLC,5-Day,,,AUG-2023,SADHW2S19M1, ,N/A,Jaguar,I-Pace, ,2021, ,720a2c8a04ccf0d,35785, ,None,5th Generation, , ,5th Generation, , ,Version 8, , ,, ,Y,,, ,Y,Yes (specify below),ADOT,Yes,ADS,Waymo LLC, , ,Y, , , , , ,,JUL-2023, ,JUL-2023,15:34, ,62a06417fd0e440,[MAY CONTAIN PERSONALLY IDENTIFIABLE INFORMATION], ,[MAY CONTAIN PERSONALLY IDENTIFIABLE INFORMATION], ,[MAY CONTAIN PERSONALLY IDENTIFIABLE INFORMATION], ,Tempe, ,AZ ,[MAY CONTAIN PERSONALLY IDENTIFIABLE INFORMATION], ,Street,Dry,"Other, see Narrative",40, ,Daylight,Y, , , , , , , ,,Passenger Car,Minor,Yes,Proceeding Straight,No,Unknown, , ,Y, , ,Y, , ,Y, , ,Proceeding Straight,No,Yes,"No, see Narrative",3, ,Y, , ,Y, , ,Y, , , , , , ,Y, ,Y,Y, , ,Yes,Tempe Police Department, ,Yes,[MAY CONTAIN PERSONALLY IDENTIFIABLE INFORMATION], ,,Y,,Y,Yes, ,"On July [XXX], 2023 at 3:34 PM PT a Waymo Autonomous Vehicle (Waymo AV) operating in Tempe, Arizona was in a collision involving a passenger vehicle on [XXX] near [XXX]. 
The Waymo AV was traveling westbound on [XXX] in the left lane with a vehicle overtaking it in the right adjacent lane when it detected a large, fallen tree branch in part of its lane and applied braking in response. As the Waymo AV was braking and had slowed to 3 mph, a passenger vehicle behind the Waymo made contact with the rear of the Waymo AV. Moments later, an SUV behind the passenger vehicle made contact with the rear of the passenger vehicle. At the time of the impact, the Waymo AVs Level 4 ADS was engaged in autonomous mode. All vehicles sustained damage. Rather than wearing the seat belt, the passenger in the Waymo AV was sitting on the buckled seat belt at the time of the collision. The passenger declined medical attention.
Waymo is reporting this crash under Request No. 1 of Standing General Order 2021-01. Waymo may supplement or correct its reporting with additional information as it may become available.",
540-6003,1,"General Motors, LLC",5-Day,,,JUL-2023,5G21A6P03P4, ,N/A,Cruise,AV, ,2023, ,90ac4f6be799da6,4707, ,Remote (Commercial / Test),,Y, ,,Y, ,,Y, ,Cruise LLC, , ,,, ,Y,Yes (specify below),CA,Yes,ADS,Cruise LLC, , ,Y, ,Y, , , ,,JUL-2023, ,JUL-2023,14:45, ,919102c28fff2ca,[MAY CONTAIN PERSONALLY IDENTIFIABLE INFORMATION], ,[MAY CONTAIN PERSONALLY IDENTIFIABLE INFORMATION], ,[MAY CONTAIN PERSONALLY IDENTIFIABLE INFORMATION], ,San Francisco, ,CA ,[MAY CONTAIN PERSONALLY IDENTIFIABLE INFORMATION], ,Intersection,Dry,No Unusual Conditions,25, ,Daylight,Y, , , , , , , ,,SUV,No Injuries Reported,Yes,Proceeding Straight,No,No, , ,Y, , , , , , , , ,Proceeding Straight,No,Yes,No Passengers in Vehicle,10, , , , , , , , , ,Y, , ,Y, ,Y, ,Y,Y, , ,No,, ,Yes,, ,, ,, ,"Unknown, see Narrative", ,"On July 27, 2023, GM Cruise Holdings LLC (""Cruise"") filed an Incident Report (the ""Report"") under the Second Amended Standing General Order 2021-01, dated April 5, 2023 (the ""Order"") General Motors LLC (GM) manufactured the Cruise-operated motor vehicle involved in the incident summarized in the Incident Report. Because GM is also a Reporting Entity under the Order, GM is submitting a duplicate of the redacted public copy of the Report. GM has selected ""Unknown"" in the ""ADS version"" and ""ODD time"" fields solely to avoid a second submission of nonpublic Cruise CBI GM is in possession of Cruise's responses to these fields, and incorporates Cruise's responses into this submission by reference. GM's submission is based on facts supplied to GM by Cruise. GM has not investigated the alleged incident and currently believes, based on a reasonable inquiry, that it has no independent knowledge of the facts in the Report. (Reference file: 30412-5993-1).",
540-6002,1,"General Motors, LLC",5-Day,,,JUL-2023,5G21A6P04P4, ,N/A,Cruise,AV, ,2023, ,c38a8b546fc9775,9111, ,Remote (Commercial / Test),,Y, ,,Y, ,,Y, ,Cruise LLC, , ,,, ,Y,No,,Yes,ADS,Cruise LLC, , ,Y, ,Y, , , ,,JUL-2023, ,JUL-2023,05:35, ,853930efe63ba70,[MAY CONTAIN PERSONALLY IDENTIFIABLE INFORMATION], ,[MAY CONTAIN PERSONALLY IDENTIFIABLE INFORMATION], ,[MAY CONTAIN PERSONALLY IDENTIFIABLE INFORMATION], ,Austin, ,TX ,[MAY CONTAIN PERSONALLY IDENTIFIABLE INFORMATION], ,Intersection,Dry,No Unusual Conditions,25, ,Dark - Lighted,Y, , , , , , , ,,SUV,No Injuries Reported,Yes,Proceeding Straight,No,No, , ,Y, , ,Y, , , , , ,Proceeding Straight,No,Yes,No Passengers in Vehicle,22, ,Y, , ,Y, , ,Y, , , , ,Y, ,Y, ,Y,Y, , ,Yes,Austin Police Department, ,Yes,[MAY CONTAIN PERSONALLY IDENTIFIABLE INFORMATION], ,,Y,,Y,"Unknown, see Narrative", ,"On July 27, 2023, GM Cruise Holdings LLC (""Cruise"") filed an Incident Report (the ""Report"") under the Second Amended Standing General Order 2021-01, dated April 5, 2023 (the ""Order"") General Motors LLC (GM) manufactured the Cruise-operated motor vehicle involved in the incident summarized in the Incident Report. Because GM is also a Reporting Entity under the Order, GM is submitting a duplicate of the redacted public copy of the Report. GM has selected ""Unknown"" in the ""ADS version"" and ""ODD time"" fields solely to avoid a second submission of nonpublic Cruise CBI GM is in possession of Cruise's responses to these fields, and incorporates Cruise's responses into this submission by reference. GM's submission is based on facts supplied to GM by Cruise. GM has not investigated the alleged incident and currently believes, based on a reasonable inquiry, that it has no independent knowledge of the facts in the Report. (Reference file: 30412-5992-1)",
30531-5999,1,Transdev Alternative Services,5-Day,,,JUL-2023,SADHW2S19M1, ,N/A,Jaguar,I-Pace, ,2021, ,4edb4192b29d35b,55858, ,In-Vehicle (Commercial / Test),5th Generation, , ,5th Generation, , ,Version 8, , ,Waymo LLC, , ,,, ,Y,Yes (specify below),"DMV, CPUC",Yes,ADS,Waymo LLC, , ,Y, , , , , ,,JUL-2023, ,JUL-2023,15:04, ,112c82a378bbe3f,[MAY CONTAIN PERSONALLY IDENTIFIABLE INFORMATION], ,[MAY CONTAIN PERSONALLY IDENTIFIABLE INFORMATION], ,[MAY CONTAIN PERSONALLY IDENTIFIABLE INFORMATION], ,San Francisco, ,CA ,[MAY CONTAIN PERSONALLY IDENTIFIABLE INFORMATION], ,Intersection,Dry,No Unusual Conditions,25, ,Daylight,Y, , , , , , , ,,Pickup Truck,No Injuries Reported,Yes,Proceeding Straight,Unknown,No, , , , , , , , ,Y, , ,"Other, see Narrative",No,Yes,Yes,9, ,Y, , , , , , , , , , , , ,Y, ,Y,Y, , ,No,, ,Yes,, ,, ,, ,Yes, ,"On July [XXX], 2023 at 3:04 PM PT a Waymo Autonomous Vehicle (""Waymo AV"") operating in San Francisco, California was in a collision involving a pickup truck on [XXX] at [XXX].
The Waymo AV was parallel parked along the curb on eastbound [XXX] at [XXX] when it began to pull away from the curb and into traffic. As the Waymo AV pulled away from the curb, a pickup truck that was traveling behind the Waymo AV then made contact
with the rear of the Waymo AV. At the time of the impact, the Waymo AV's Level 4 ADS was engaged in autonomous mode, and a test driver was present (in the driver's seating position). Both vehicles sustained damage.",
30270-5998,1,Waymo LLC,5-Day,,,JUL-2023,SADHW2S19M1, ,N/A,Jaguar,I-Pace, ,2021, ,4edb4192b29d35b,55858, ,In-Vehicle (Commercial / Test),5th Generation, , ,5th Generation, , ,Version 8, , ,Transdev Alternative Services, , ,,, ,Y,Yes (specify below),"DMV, CPUC",Yes,ADS,Waymo LLC, , ,Y, , , , , ,,JUL-2023, ,JUL-2023,15:04, ,112c82a378bbe3f,[MAY CONTAIN PERSONALLY IDENTIFIABLE INFORMATION], ,[MAY CONTAIN PERSONALLY IDENTIFIABLE INFORMATION], ,[MAY CONTAIN PERSONALLY IDENTIFIABLE INFORMATION], ,San Francisco, ,CA ,[MAY CONTAIN PERSONALLY IDENTIFIABLE INFORMATION], ,Intersection,Dry,No Unusual Conditions,25, ,Daylight,Y, , , , , , , ,,Pickup Truck,No Injuries Reported,Yes,Proceeding Straight,Unknown,No, , , , , , , , ,Y, , ,"Other, see Narrative",No,Yes,Yes,9, ,Y, , , , , , , , , , , , ,Y, ,Y,Y, , ,No,, ,Yes,, ,, ,, ,Yes, ,"On July [XXX], 2023 at 3:04 PM PT a Waymo Autonomous Vehicle (Waymo AV) operating in San Francisco, California was in a collision involving a pickup truck on [XXX] at [XXX]. 
The Waymo AV was parallel parked along the curb on eastbound [XXX] at [XXX] when it began to pull away from the curb and into traffic. As the Waymo AV pulled away from the curb, a pickup truck that was traveling behind the Waymo AV then made contact with the rear of the Waymo AV. At the time of the impact, the Waymo AVs Level 4 ADS was engaged in autonomous mode, and a test driver was present (in the drivers seating position). Both vehicles sustained damage.
Waymo is reporting this crash under Request No. 1 of Standing General Order 2021-01. Waymo may supplement or correct its reporting with additional information as it may become available.",
30412-5993,1,Cruise LLC,5-Day,,,JUL-2023,5G21A6P03P4, ,N/A,Cruise,AV, ,2023, ,90ac4f6be799da6,4707, ,Remote (Commercial / Test),"[REDACTED, MAY CONTAIN CONFIDENTIAL BUSINESS INFORMATION]", ,Y,"[REDACTED, MAY CONTAIN CONFIDENTIAL BUSINESS INFORMATION]", ,Y,"[REDACTED, MAY CONTAIN CONFIDENTIAL BUSINESS INFORMATION]", ,Y,"General Motors, LLC", , ,,, ,Y,Yes (specify below),CA,Yes,ADS,Cruise LLC, , ,Y, ,Y, , , ,,JUL-2023, ,JUL-2023,14:45, ,919102c28fff2ca,[MAY CONTAIN PERSONALLY IDENTIFIABLE INFORMATION], ,[MAY CONTAIN PERSONALLY IDENTIFIABLE INFORMATION], ,[MAY CONTAIN PERSONALLY IDENTIFIABLE INFORMATION], ,San Francisco, ,CA ,[MAY CONTAIN PERSONALLY IDENTIFIABLE INFORMATION], ,Intersection,Dry,No Unusual Conditions,25, ,Daylight,Y, , , , , , , ,,SUV,No Injuries Reported,Yes,Proceeding Straight,No,No, , ,Y, , , , , , , , ,Proceeding Straight,No,Yes,No Passengers in Vehicle,10, , , , , , , , , ,Y, , ,Y, ,Y, ,Y,Y, , ,No,, ,Yes,, ,, ,, ,"[REDACTED, MAY CONTAIN CONFIDENTIAL BUSINESS INFORMATION]",Y,"A Cruise autonomous vehicle (""Cruise AV""), operating in driverless autonomous mode, was traveling westbound on [XXX] between [XXX] and [XXX]. As the Cruise AV was passing through the intersection with [XXX], a Lexus RX 300 traveling southbound on [XXX] failed to stop for their stop sign, entered the intersection, and made contact with the Cruise AV, damaging the front passenger side bumper fascia and front passenger side headlight of the Cruise AV. There were no reported injuries and the Cruise AV was towed from the scene. [REDACTED, MAY CONTAIN CONFIDENTIAL BUSINESS INFORMATION]",Y