Report ID,Report Version,Reporting Entity,Report Type,Report Month,Report Year,Report Submission Date,VIN,VIN - Unknown,Serial Number,Make,Model,Model - Unknown,Model Year,Model Year - Unknown,Same Vehicle ID,Mileage,Mileage - Unknown,Driver / Operator Type,ADAS/ADS System Version,ADAS/ADS System Version - Unk,ADAS/ADS System Version CBI,ADAS/ADS Hardware Version,ADAS/ADS Hardware Version - Unk,ADAS/ADS Hardware Version CBI,ADAS/ADS Software Version,ADAS/ADS Software Version - Unk,ADAS/ADS Software Version CBI,Other Reporting Entities?,Other Reporting Entities? - Unk,Other Reporting Entities? - NA,Federal Regulatory Exemption?,Other Federal Reg. Exemption,Federal Reg. Exemption - Unk,Federal Reg. Exemption - No,State or Local Permit?,State or Local Permit,ADS Equipped?,Automation System Engaged?,Operating Entity,Operating Entity - Unknown,Source - Complaint/Claim,Source - Telematics,Source - Law Enforcement,Source - Field Report,Source - Testing,Source - Media,Source - Other,Source - Other Text,Incident Date,Incident Date - Unknown,Notice Received Date,Incident Time (24:00),Incident Time - Unknown,Same Incident ID,Latitude,Latitude - Unknown,Longitude,Longitude - Unknown,Address,Address - Unknown,City,City - Unknown,State,Zip Code,Zip Code - Unknown,Roadway Type,Roadway Surface,Roadway Description,Posted Speed Limit (MPH),Posted Speed Limit - Unknown,Lighting,Weather - Clear,Weather - Snow,Weather - Cloudy,Weather - Fog/Smoke,Weather - Rain,Weather - Severe Wind,Weather - Unknown,Weather - Other,Weather - Other Text,Crash With,Highest Injury Severity Alleged,Property Damage?,CP Pre-Crash Movement,CP Any Air Bags Deployed?,CP Was Vehicle Towed?,CP Contact Area - Rear Left,CP Contact Area - Left,CP Contact Area - Front Left,CP Contact Area - Rear,CP Contact Area - Top,CP Contact Area - Front,CP Contact Area - Rear Right,CP Contact Area - Right,CP Contact Area - Front Right,CP Contact Area - Bottom,CP Contact Area - Unknown,SV Pre-Crash Movement,SV Any Air Bags Deployed?,SV Was Vehicle Towed?,SV Were All Passengers Belted?,SV Precrash Speed (MPH),SV Pre-crash Speed - Unknown,SV Contact Area - Rear Left,SV Contact Area - Left,SV Contact Area - Front Left,SV Contact Area - Rear,SV Contact Area - Top,SV Contact Area - Front,SV Contact Area - Rear Right,SV Contact Area - Right,SV Contact Area - Front Right,SV Contact Area - Bottom,SV Contact Area - Unknown,Data Availability - EDR,Data Availability - Police Rpt,Data Availability - Telematics,Data Availability - Complaints,Data Availability - Video,Data Availability - Other,Data Availability - No Data,Data Availability - Unknown,Law Enforcement Investigating?,Investigating Agency,Investigating Agency - Unknown,Rep Ent Or Mfr Investigating?,Investigating Officer Name,Inv. Officer Name - Unknown,Investigating Officer Phone,Inv. Officer Phone - Unknown,Investigating Officer Email,Inv. Officer Email - Unknown,Within ODD?,Within ODD? - CBI,Narrative,Narrative - CBI?
30531-5604,1,Transdev Alternative Services,Monthly,4,2023,MAY-2023,SADHW2S19M1, ,N/A,Jaguar,I-PACE, ,2021, ,076a0682d278cf7,45560, ,In-Vehicle (Commercial / Test),5th Generation ADS, , ,5th Generation, , ,Version 8, , ,Waymo LLC, , ,,, ,Y,Yes (specify below),"CA DMV, CA PUC",Yes,ADS,Waymo LLC, , ,Y, , , , , ,,APR-2023, ,APR-2023,17:29, ,d4c09da0782938d,[MAY CONTAIN PERSONALLY IDENTIFIABLE INFORMATION], ,[MAY CONTAIN PERSONALLY IDENTIFIABLE INFORMATION], ,[MAY CONTAIN PERSONALLY IDENTIFIABLE INFORMATION], ,Santa Monica, ,CA ,[MAY CONTAIN PERSONALLY IDENTIFIABLE INFORMATION], ,Intersection,Dry,No Unusual Conditions,30, ,Daylight,Y, , , , , , , ,,SUV,No Injuries Reported,Yes,Proceeding Straight,No,No, , , , , ,Y, , , , , ,Stopped,No,No,Yes,0, , , , ,Y, , , , , , , , , ,Y, ,Y,Y, , ,No,, ,Yes,, ,, ,, ,Yes, ,"On April [XXX], 2023 at 5:29 PM PST a Waymo Autonomous Vehicle (""Waymo AV"") operating in Santa Monica, California was in a collision involving an SUV on [XXX] at [XXX].
The Waymo AV was traveling southwest on [XXX] in the rightmost lane as it was approaching the intersection with [XXX]. The signal for traffic proceeding southwest on [XXX] was red as the Waymo AV approached the intersection and came to a stop. The signal for traffic proceeding southwest on [XXX] then turned green, and traffic in adjacent lanes began moving while the Waymo AV waited for traffic in its lane to begin to move.
The SUV that had been stopped directly behind the Waymo AV began moving forward and the front of the SUV made contact with the rear of the Waymo AV. At the time of the impact, the Waymo AV's Level 4 ADS was engaged in autonomous mode, and a test driver was present (in the driver's seating position). The Waymo sustained damage.
Transdev Alternative Services is reporting this crash under Request No. 2 of Standing General Order 2021-01. Transdev may supplement or correct its reporting with additional information as it may become available.  This report is a duplicate of report ID 30270-5586-1.",
30531-5440,2,Transdev Alternative Services,10-Day Update,,,MAY-2023,SADHW2S13M1, ,N/A,Jaguar,I-Pace, ,2021, ,fa0f9ad09fc1094,36194, ,In-Vehicle (Commercial / Test),5th Generation ADS, , ,5th Generation, , ,8, , ,Waymo LLC, , ,,, ,Y,Yes (specify below),DMV,Yes,ADS,Waymo LLC, , ,Y, , , , , ,,MAY-2023, ,MAY-2023,10:32, ,84e175a3c826442,[MAY CONTAIN PERSONALLY IDENTIFIABLE INFORMATION], ,[MAY CONTAIN PERSONALLY IDENTIFIABLE INFORMATION], ,[MAY CONTAIN PERSONALLY IDENTIFIABLE INFORMATION], ,San Francisco, ,CA ,[MAY CONTAIN PERSONALLY IDENTIFIABLE INFORMATION], ,Street,Dry,No Unusual Conditions,25, ,Daylight, , ,Y, , , , , ,,SUV,No Injuries Reported,Yes,Proceeding Straight,Yes,Yes, , ,Y, , ,Y, , ,Y, , ,Proceeding Straight,No,Yes,Yes,4, , , , ,Y, , ,Y, , , , , , ,Y, ,Y,Y, , ,No,, ,Yes,, ,, ,, ,Yes, ,"The content of this report is unchanged from the initial report.
On May [XXX], 2023 at 10:32 AM PST a Waymo Autonomous Vehicle (""Waymo AV"") operating in San Francisco, California was in a collision involving an SUV on [XXX] near [XXX].
The Waymo AV was fraveling in autonomous mode in the middle lane on westbound [XXX] between [XXX] and [XXX].  A slower traveling van in the left adjacent lane began to initiate a right lane change in front of the Waymo AV, and the Waymo AV test driver transitioned to manual mode and braked.  The SUV traveling behind the Waymo AV then made contact with the rear of the Waymo AV.  At the time of the impact, the Waymo AV's Level 4 ADS was not engaged and a test driver was operating the Waymo AV in manual mode.  The Waymo AV and SUV sustained damage.
This is a duplicate of report 30270-5429-1.",
540-5492,1,"General Motors, LLC",Monthly,4,2023,MAY-2023,5G21A6P03L4, ,N/A,Cruise,AV, ,2020, ,32757d7928fd658,55445, ,In-Vehicle and Remote (Commercial / Test),,Y, ,,Y, ,,Y, ,Cruise LLC, , ,,, ,Y,No,,Yes,ADS,Cruise LLC, , ,Y, ,Y,Y, , ,,APR-2023, ,MAY-2023,14:58, ,010fdfbd6af2798,[MAY CONTAIN PERSONALLY IDENTIFIABLE INFORMATION], ,[MAY CONTAIN PERSONALLY IDENTIFIABLE INFORMATION], ,[MAY CONTAIN PERSONALLY IDENTIFIABLE INFORMATION], ,Mesa, ,AZ ,[MAY CONTAIN PERSONALLY IDENTIFIABLE INFORMATION], ,Street,Dry,No Unusual Conditions,45, ,Daylight,Y, , , , , , , ,,"Other, see Narrative",No Injuries Reported,Yes,"Other, see Narrative",Not Applicable,Not Applicable, , , , , , , , , , ,Y,Proceeding Straight,No,No,Yes,34, , , , , , , , , , ,Y, ,Y, ,Y, ,Y,Y, , ,No,, ,Yes,, ,, ,, ,"Unknown, see Narrative", ,"On May 12, 2023, GM Cruise Holdings LLC (""Cruise"") filed an Incident Report (the ""Report"") under the Standing General Order 2021-01 dated June 29, 2021 (the ""Order""). General Motors LLC (GM) manufactured the Cruise-operated motor vehicle involved in the incident summarized in the Incident Report. Because GM is also a Reporting Entity under the Order, GM is submitting a duplicate of the redacted public copy of the Report. GM has selected ""Unknown"" in the ""ADS version"" and ""ODD time"" fields solely to avoid a second submission of nonpublic Cruise CBI GM is in possession of Cruise's responses to these fields, and incorporates Cruise's responses into this submission by reference. GM's submission is based on facts supplied to GM by Cruise. GM has not investigated the alleged incident and currently believes, based on a reasonable inquiry, that it has no independent knowledge of the facts in the Report. (Reference file: 30412-5462-1)",
30792-5565,1,WeRide Corp,Monthly,5,2023,MAY-2023,1N4CZ1CV1PC, ,N/A,Nissan,Leaf, ,2023, ,ceb63bb34dc2166,8009, ,In-Vehicle (Commercial / Test),6d38a25f0acc8e31bdfcf3a40215ecae4674aefc, , ,1.7, , ,5.1, , ,, ,Y,,, ,Y,Yes (specify below),CA DMV AVT autonomous permit,Yes,ADS,WeRide, , , , , ,Y, , ,,MAY-2023, ,MAY-2023,11:41, ,0ea292ae35cf3cd,[MAY CONTAIN PERSONALLY IDENTIFIABLE INFORMATION], ,[MAY CONTAIN PERSONALLY IDENTIFIABLE INFORMATION], ,[MAY CONTAIN PERSONALLY IDENTIFIABLE INFORMATION], ,San Francisco, ,CA ,[MAY CONTAIN PERSONALLY IDENTIFIABLE INFORMATION], ,Street,Dry,No Unusual Conditions,20, ,Daylight,Y, , , , , , , ,,Non-Motorist: Cyclist,No Injuries Reported,No,Proceeding Straight,,, , , , , , , , , , , ,Stopped,No,No,Yes,0, , , , ,Y, , , , , , , , , ,Y, ,Y,Y, , ,No,, ,No,, ,, ,, ,Yes, ,"On Monday May [XXX] at 11:41am a Weride autonomous vehicle (Vehicle 1) was in Autonomous Mode stopped at the intersection of [XXX] towards [XXX] appropriately yielding to a illegally U turning skateboard on [XXX] North to South direction in front of the AV (Vehicle 1). While yielding, a bicyclist was coming from behind our AV (Vehicle 1) head was turned left possibly looking for cross traffic. When the cyclist turned his head forward, it was too late to react in time to our stopped vehicle(Vehicle 1) with the given distance and speed they were traveling at in which the cyclist collided with our vehicle (Vehicle 1). Our Weride safety officer immediately disengaged and hand signaled to the bicyclist to pull over to the closest safe place to park as to not obstruct traffic. As our safety officer parked and got out of the car to check on the bicyclist, the bicyclist was already on in motion on his bicycle and ""fist bumped"" our safety officer while passing by him and leaving the scene without exchanging any information.",
30270-5429,2,Waymo LLC,10-Day Update,,,MAY-2023,SADHW2S13M1, ,N/A,Jaguar,I-Pace, ,2021, ,fa0f9ad09fc1094,36194, ,In-Vehicle (Commercial / Test),5th Generation, , ,5th Generation, , ,8, , ,Transdev Alternative Services, , ,,, ,Y,Yes (specify below),DMV,Yes,ADS,Waymo LLC, , ,Y, , , , , ,,MAY-2023, ,MAY-2023,10:32, ,84e175a3c826442,[MAY CONTAIN PERSONALLY IDENTIFIABLE INFORMATION], ,[MAY CONTAIN PERSONALLY IDENTIFIABLE INFORMATION], ,[MAY CONTAIN PERSONALLY IDENTIFIABLE INFORMATION], ,San Francisco, ,CA ,[MAY CONTAIN PERSONALLY IDENTIFIABLE INFORMATION], ,Street,Dry,No Unusual Conditions,25, ,Daylight, , ,Y, , , , , ,,SUV,No Injuries Reported,Yes,Proceeding Straight,Yes,Yes, , ,Y, , ,Y, , ,Y, , ,Proceeding Straight,No,Yes,Yes,4, , , , ,Y, , ,Y, , , , , , ,Y, ,Y,Y, , ,No,, ,Yes,, ,, ,, ,Yes, ,"The content of this report is unchanged from the initial report submitted on May 4, 2023 [REDACTED, MAY CONTAIN CONFIDENTIAL BUSINESS INFORMATION]. 
On May [XXX], 2023 at 10:32 AM PST a Waymo Autonomous Vehicle (Waymo AV) operating in San Francisco, California was in a collision involving an SUV on [XXX] near [XXX].
The Waymo AV was traveling in autonomous mode in the middle lane on westbound [XXX] between [XXX] and [XXX]. A slower traveling van in the left adjacent lane began to initiate a right lane change in front of the Waymo AV, and the Waymo AV test driver transitioned to manual mode and braked. The SUV traveling behind the Waymo AV then made contact with the rear of the Waymo AV. At the time of the impact, the Waymo AVs Level 4 ADS was not engaged and a test driver was operating the Waymo AV in manual mode. The Waymo AV and SUV sustained damage.
Waymo is reporting this crash under Request No. 1 of Standing General Order 2021-01 because a vehicle involved was towed away and because of airbag deployment. Waymo may supplement or correct its reporting with additional information as it may become available.",
30270-5593,1,Waymo LLC,Monthly,4,2023,MAY-2023,SADHW2S1XM1, ,N/A,Jaguar,I-PACE, ,2021, ,39cc9faced8effe,40453, ,None,5th Generation ADS, , ,5th Generation, , ,Version 8, , ,, ,Y,,, ,Y,Yes (specify below),"CA DMV, CA PUC",Yes,ADS,Waymo LLC, , ,Y, , , , , ,,APR-2023, ,APR-2023,13:53, ,6fdb3294838ba48,[MAY CONTAIN PERSONALLY IDENTIFIABLE INFORMATION], ,[MAY CONTAIN PERSONALLY IDENTIFIABLE INFORMATION], ,[MAY CONTAIN PERSONALLY IDENTIFIABLE INFORMATION], ,San Francisco, ,CA ,[MAY CONTAIN PERSONALLY IDENTIFIABLE INFORMATION], ,Intersection,Dry,No Unusual Conditions,25, ,Daylight,Y, , , , , , , ,,SUV,No Injuries Reported,Yes,Proceeding Straight,No,No, , , , , , , , ,Y, , ,Parked,No,No,No Passengers in Vehicle,0, ,Y, , , , , , , , , , , , ,Y, ,Y,Y, , ,No,, ,Yes,, ,, ,, ,Yes, ,"On April [XXX], 2023 at 1:53 PM PST a Waymo Autonomous Vehicle (Waymo AV) operating in San Francisco, California was in a collision involving an SUV on [XXX]  at [XXX]. 
While the Waymo AV was parked at the right side curb of the road on [XXX], an SUV that was passing the parked Waymo AV in the rightmost lane made contact with the rear drivers side of the Waymo AV. At the time of the impact, the Waymo AVs Level 4 ADS was engaged in autonomous mode. The Waymo AV did not sustain damage the SUV sustained damage. 
Waymo is reporting this crash under Request No. 2 of Standing General Order 2021-01. Waymo may supplement or correct its reporting with additional information as it may become available.",
30270-5592,1,Waymo LLC,Monthly,4,2023,MAY-2023,SADHW2S10M1, ,N/A,Jaguar,I-PACE, ,2021, ,4fb647281cb3ccc,42716, ,None,5th Generation ADS, , ,5th Generation, , ,Version 7, , ,, ,Y,,, ,Y,Yes (specify below),"CA DMV, CA PUC",Yes,ADS,Waymo LLC, , ,Y, , , , , ,,APR-2023, ,APR-2023,17:29, ,fe051bc946e7741,[MAY CONTAIN PERSONALLY IDENTIFIABLE INFORMATION], ,[MAY CONTAIN PERSONALLY IDENTIFIABLE INFORMATION], ,[MAY CONTAIN PERSONALLY IDENTIFIABLE INFORMATION], ,San Francisco, ,CA ,[MAY CONTAIN PERSONALLY IDENTIFIABLE INFORMATION], ,Street,Dry,No Unusual Conditions,25, ,Daylight,Y, , , , , , , ,,SUV,No Injuries Reported,Yes,Parking Maneuver,No,No, ,Y, , , , , , , , , ,Stopped,No,No,No Passengers in Vehicle,0, , , , , , , , , ,Y, , , , ,Y, ,Y,Y, , ,No,, ,Yes,, ,, ,, ,Yes, ,"On April [XXX], 2023 at 5:29 PM PST a Waymo Autonomous Vehicle (Waymo AV) operating in San Francisco, California was in a collision involving a SUV on [XXX] at [XXX].
The Waymo AV was traveling east on [XXX] between [XXX] and [XXX] when it approached an SUV that was stopped in the lane in front of the Waymo AV. The Waymo AV began passing the stopped SUV on the left when the SUV began reversing in the lane. The Waymo AV then stopped behind and to the left of the SUV, and the SUV continued reversing and began a turning maneuver to enter a parking space. The left side of the SUV made contact with the front right corner of the Waymo AV. At the time of the impact, the Waymo AV was stopped and the AVs Level 4 ADS was engaged in autonomous mode. Both vehicles sustained damage.
Waymo is reporting this crash under Request No. 2 of Standing General Order 2021-01. Waymo may supplement or correct its reporting with additional information as it may become available.",
30270-5591,1,Waymo LLC,Monthly,4,2023,MAY-2023,SADHW2S10M1, ,N/A,Jaguar,I-PACE, ,2021, ,751464043310771,48606, ,None,5th Generation ADS, , ,5th Generation, , ,Version 7, , ,, ,Y,,, ,Y,Yes (specify below),ADOT,Yes,ADS,Waymo LLC, , ,Y, , , , , ,,APR-2023, ,APR-2023,8:02, ,182efd0e7948c2d,[MAY CONTAIN PERSONALLY IDENTIFIABLE INFORMATION], ,[MAY CONTAIN PERSONALLY IDENTIFIABLE INFORMATION], ,[MAY CONTAIN PERSONALLY IDENTIFIABLE INFORMATION], ,Phoenix, ,AZ ,[MAY CONTAIN PERSONALLY IDENTIFIABLE INFORMATION], ,Intersection,Dry,No Unusual Conditions,35, ,Daylight,Y, , , , , , , ,,Van,No Injuries Reported,Yes,Proceeding Straight,No,No, , ,Y, , ,Y, , , , , ,Proceeding Straight,No,No,Yes,1, , , , ,Y, , , , , , , , , ,Y, ,Y,Y, , ,Unknown,,Y,Yes,,Y,,Y,,Y,Yes, ,"On April [XXX], 2023 at 8:02 AM PT a Waymo Autonomous Vehicle (Waymo AV) operating in Phoenix, Arizona was in a collision involving a van on [XXX] at [XXX]. 
The Waymo AV was traveling northbound on [XXX] in the leftmost lane as it was approaching the intersection with [XXX]. The signal for traffic proceeding north on [XXX] was yellow as the Waymo AV approached the intersection. The Waymo AV slowed, preparing to stop, and a van traveling directly behind the Waymo AV then made contact with the rear of the Waymo AV. At the time of the impact, the Waymo AVs Level 4 ADS was engaged in autonomous mode. Both the Waymo AV and the van sustained damage.  
Waymo is reporting this crash under Request No. 2 of Standing General Order 2021-01. Waymo may supplement or correct its reporting with additional information as it may become available.",
30270-5588,1,Waymo LLC,Monthly,4,2023,MAY-2023,2C4RC1K7XHR, ,N/A,Chrysler,Pacifica, ,2017, ,4173e3f94e6d2cd,24311, ,None,4th Generation ADS, , ,4th Generation, , ,Version 5, , ,, ,Y,,, ,Y,Yes (specify below),ADOT,Yes,ADS,Waymo LLC, , ,Y, , , , , ,,APR-2023, ,APR-2023,15:43, ,9d6541528d1b103,[MAY CONTAIN PERSONALLY IDENTIFIABLE INFORMATION], ,[MAY CONTAIN PERSONALLY IDENTIFIABLE INFORMATION], ,[MAY CONTAIN PERSONALLY IDENTIFIABLE INFORMATION], ,Tempe, ,AZ ,[MAY CONTAIN PERSONALLY IDENTIFIABLE INFORMATION], ,Intersection,Dry,No Unusual Conditions,45, ,Daylight,Y, , , , , , , ,,Passenger Car,No Injuries Reported,Yes,Entering Traffic,No,No, , ,Y, , ,Y, , , , , ,Proceeding Straight,No,No,Yes,5, , , , , , , , , ,Y, , , , ,Y, ,Y,Y, , ,Unknown,,Y,Yes,,Y,,Y,,Y,Yes, ,"On April [XXX], 2023 at 3:43 PM PT a Waymo Autonomous Vehicle (Waymo AV) operating in Tempe, Arizona was in a collision involving a passenger car on [XXX] at [XXX]. 
The Waymo AV was traveling southbound on [XXX] in the rightmost lane as it was approaching the intersection with [XXX]. After the Waymo AV entered the right-turn lane, a passenger car began to exit from the shopping center driveway to the right of the Waymo AV. The Waymo AV began to brake as the passenger car began to turn in front of the AV onto [XXX]. The passenger car's front bumper made contact with the front right corner of the Waymo AV. At the time of the impact, the Waymo AVs Level 4 ADS was engaged in autonomous mode. The Waymo AV did not sustain damage the passenger car sustained damage. 
Waymo is reporting this crash under Request No. 2 of Standing General Order 2021-01. Waymo may supplement or correct its reporting with additional information as it may become available.",
30270-5586,1,Waymo LLC,Monthly,4,2023,MAY-2023,SADHW2S19M1, ,N/A,Jaguar,I-PACE, ,2021, ,076a0682d278cf7,45560, ,In-Vehicle (Commercial / Test),5th Generation ADS, , ,5th Generation, , ,Version 8, , ,Transdev Alternative Services, , ,,, ,Y,Yes (specify below),"CA DMV, CA PUC",Yes,ADS,Waymo LLC, , ,Y, , , , , ,,APR-2023, ,APR-2023,17:29, ,d4c09da0782938d,[MAY CONTAIN PERSONALLY IDENTIFIABLE INFORMATION], ,[MAY CONTAIN PERSONALLY IDENTIFIABLE INFORMATION], ,[MAY CONTAIN PERSONALLY IDENTIFIABLE INFORMATION], ,Santa Monica, ,CA ,[MAY CONTAIN PERSONALLY IDENTIFIABLE INFORMATION], ,Intersection,Dry,No Unusual Conditions,30, ,Daylight,Y, , , , , , , ,,SUV,No Injuries Reported,Yes,Proceeding Straight,No,No, , , , , ,Y, , , , , ,Stopped,No,No,Yes,0, , , , ,Y, , , , , , , , , ,Y, ,Y,Y, , ,No,, ,Yes,, ,, ,, ,Yes, ,"On April [XXX], 2023 at 5:29 PM PST a Waymo Autonomous Vehicle (Waymo AV) operating in Santa Monica, California was in a collision involving an SUV on [XXX]  at [XXX]. 
The Waymo AV was traveling southwest on [XXX] in the rightmost lane as it was approaching the intersection with [XXX]. The signal for traffic proceeding southwest on [XXX] was red as the Waymo AV approached the intersection and came to a stop. The signal for traffic proceeding southwest on [XXX] then turned green, and traffic in adjacent lanes began moving while the Waymo AV waited for traffic in its lane to begin to move.
The SUV that had been stopped directly behind the Waymo AV began moving forward and the front of the SUV made contact with the rear of the Waymo AV. At the time of the impact, the Waymo AVs Level 4 ADS was engaged in autonomous mode, and a test driver was present (in the drivers seating position). The Waymo sustained damage.
Waymo is reporting this crash under Request No. 2 of Standing General Order 2021-01. Waymo may supplement or correct its reporting with additional information as it may become available.",
30270-5584,1,Waymo LLC,Monthly,4,2023,MAY-2023,SADHW2S12M1, ,N/A,Jaguar,I-PACE, ,2021, ,415510c86f8a0cf,32348, ,In-Vehicle (Commercial / Test),5th Generation ADS, , ,5th Generation, , ,Version 8, , ,Transdev Alternative Services, , ,,, ,Y,Yes (specify below),"CA DMV, CA PUC",Yes,ADS,Waymo LLC, , ,Y, , , , , ,,APR-2023, ,APR-2023,22:56, ,16261e64b50feb6,[MAY CONTAIN PERSONALLY IDENTIFIABLE INFORMATION], ,[MAY CONTAIN PERSONALLY IDENTIFIABLE INFORMATION], ,[MAY CONTAIN PERSONALLY IDENTIFIABLE INFORMATION], ,San Francisco, ,CA ,[MAY CONTAIN PERSONALLY IDENTIFIABLE INFORMATION], ,Intersection,Dry,No Unusual Conditions,15, ,Dark - Lighted,Y, , , , , , , ,,SUV,No Injuries Reported,Yes,Proceeding Straight,No,No, ,Y, , , , , , , , , ,Stopped,No,No,Yes,0, ,Y, , , , , , , , , , , , ,Y, ,Y,Y, , ,No,, ,Yes,, ,, ,, ,Yes, ,"On April [XXX], 2023 at 10:56 PM PST a Waymo Autonomous Vehicle (Waymo AV) operating in San Francisco, California was in a collision involving an SUV on [XXX] at [XXX].
While traveling northwest on [XXX], the Waymo AV came to a stop to yield to an oncoming SUV in a narrow passageway. The SUV proceeded around the Waymo AV and made contact with the left rear sensor housing of the Waymo AV. At the time of the impact, the Waymo AVs Level 4 ADS was engaged in autonomous mode, and a test driver was present (in the drivers seating position). The driver of the SUV stopped briefly but left before sharing their information. The Waymo sustained damage.
Waymo is reporting this crash under Request No. 2 of Standing General Order 2021-01. Waymo may supplement or correct its reporting with additional information as it may become available.",
669-5206,3,Hyundai Motor America,Update,,,MAY-2023,5NMS5DAL7PH, ,N/A,Hyundai,Santa Fe, ,2023, ,d57542136543b5c,,Y,In-Vehicle (Commercial / Test),Highway Drive Assist (L2), , ,,Y, ,,Y, ,, ,Y,,, ,Y,Unknown,,Yes,ADAS,Hyundai Motor America, , , , ,Y, , , ,,APR-2023, ,APR-2023,15:45, ,42bfe841ab28024,,Y,,Y,[MAY CONTAIN PERSONALLY IDENTIFIABLE INFORMATION], ,Gahanna, ,OH ,,Y,Highway / Freeway,Dry,No Unusual Conditions,65, ,Daylight,Y, , , , , , , ,,SUV,No Injuries Reported,Yes,Changing Lanes,No,No, ,Y, , , , , , , , , ,Proceeding Straight,No,Yes,Yes,70, , , , , , , , ,Y, , , , ,Y, , , , , , ,Yes,Gahanna Police Department, ,Yes,[MAY CONTAIN PERSONALLY IDENTIFIABLE INFORMATION], ,,Y,,Y,"Unknown, see Narrative", ,"A company associate was operating the subject Santa Fe vehicle heading north on the [XXX] with the Highway Drive Assist (""HDA"") feature engaged. A Nissan vehicle merged into the subject vehicle's lane and made contact with the driver's side of the Santa Fe resulting in a crash.  The Hyundai vehicle was immobilized requiring towing assistance.  No airbags allegedly deployed during the crash.  A police report was filed with Gahanna Police Department and the report number is 23GAH.8195.AC.  NASO is in process of retrieving the police report.
10-Day Update to 669-5206-1: No new information received.
Monthly Update to 669-5206-2: According to the police report, the Santa Fe was travelling in the left lane of the road when the Nissan vehicle attempted a lane change directly into their lane of travel making contact with the Santa Fe's right side. The police report also indicated that no autonomous driving function was engaged in the Santa Fe vehicle at the time of the incident. The operator of the Nissan vehicle was cited for an unspecified charge.",
540-5491,1,"General Motors, LLC",Monthly,4,2023,MAY-2023,5G21A6P03N4, ,N/A,Cruise,AV, ,2022, ,86ea5dc268d8537,9482, ,Remote (Commercial / Test),,Y, ,, , ,, , ,, , ,,, , ,,,Yes,ADS,Cruise LLC, , ,Y, ,Y, , , ,,APR-2023, ,MAY-2023,21:59, ,5b9c3b0562e5b31,[MAY CONTAIN PERSONALLY IDENTIFIABLE INFORMATION], ,[MAY CONTAIN PERSONALLY IDENTIFIABLE INFORMATION], ,[MAY CONTAIN PERSONALLY IDENTIFIABLE INFORMATION], ,San Francisco, ,CA ,[MAY CONTAIN PERSONALLY IDENTIFIABLE INFORMATION], ,Intersection,Dry,No Unusual Conditions,25, ,Dark - Lighted,Y, , , , , , , ,,Passenger Car,No Injuries Reported,Yes,Proceeding Straight,Unknown,No, , , , , ,Y, , ,Y, , ,Making Right Turn,No,No,No Passengers in Vehicle,4, ,Y, , ,Y, , ,Y, , , , ,Y, ,Y, ,Y,Y, , ,Yes,San Francisco Police Department, ,Yes,[MAY CONTAIN PERSONALLY IDENTIFIABLE INFORMATION], ,,Y,,Y,"Unknown, see Narrative", ,"On May 12, 2023, GM Cruise Holdings LLC (""Cruise"") filed an Incident Report (the ""Report"") under the Standing General Order 2021-01 dated June 29, 2021 (the ""Order""). General Motors LLC (GM) manufactured the Cruise-operated motor vehicle involved in the incident summarized in the Incident Report. Because GM is also a Reporting Entity under the Order, GM is submitting a duplicate of the redacted public copy of the Report. GM has selected ""Unknown"" in the ""ADS version"" and ""ODD time"" fields solely to avoid a second submission of nonpublic Cruise CBI GM is in possession of Cruise's responses to these fields, and incorporates Cruise's responses into this submission by reference. GM's submission is based on facts supplied to GM by Cruise. GM has not investigated the alleged incident and currently believes, based on a reasonable inquiry, that it has no independent knowledge of the facts in the Report. (Reference file: 30412-5461-1)",
540-5490,1,"General Motors, LLC",Monthly,4,2023,MAY-2023,5G21A6P0XP4, ,N/A,Cruise,AV, ,2023, ,4d8656e492fae29,2293, ,Remote (Commercial / Test),,Y, ,, , ,, , ,, , ,,, , ,,,Yes,ADS,Cruise LLC, , ,Y, ,Y, , , ,,APR-2023, ,MAY-2023,20:13, ,fdf7cea0641af7a,[MAY CONTAIN PERSONALLY IDENTIFIABLE INFORMATION], ,[MAY CONTAIN PERSONALLY IDENTIFIABLE INFORMATION], ,[MAY CONTAIN PERSONALLY IDENTIFIABLE INFORMATION], ,San Francisco, ,CA ,[MAY CONTAIN PERSONALLY IDENTIFIABLE INFORMATION], ,Street,Dry,No Unusual Conditions,25, ,Dark - Lighted,Y, , , , , , , ,,Passenger Car,No Injuries Reported,Yes,Backing,Unknown,No, , , , , , ,Y, , , , ,Stopped,No,No,No Passengers in Vehicle,0, , , ,Y, , , , , , , , ,Y, ,Y, ,Y,Y, , ,Yes,San Francisco Police Department, ,Yes,[MAY CONTAIN PERSONALLY IDENTIFIABLE INFORMATION], ,,Y,,Y,"Unknown, see Narrative", ,"On May 12, 2023, GM Cruise Holdings LLC (""Cruise"") filed an Incident Report (the ""Report"") under the Standing General Order 2021-01 dated June 29, 2021 (the ""Order""). General Motors LLC (GM) manufactured the Cruise-operated motor vehicle involved in the incident summarized in the Incident Report. Because GM is also a Reporting Entity under the Order, GM is submitting a duplicate of the redacted public copy of the Report. GM has selected ""Unknown"" in the ""ADS version"" and ""ODD time"" fields solely to avoid a second submission of nonpublic Cruise CBI GM is in possession of Cruise's responses to these fields, and incorporates Cruise's responses into this submission by reference. GM's submission is based on facts supplied to GM by Cruise. GM has not investigated the alleged incident and currently believes, based on a reasonable inquiry, that it has no independent knowledge of the facts in the Report. (Reference file: 30412-5460-1)",