Report ID,Report Version,Reporting Entity,Report Type,Report Month,Report Year,Report Submission Date,VIN,VIN - Unknown,Serial Number,Make,Model,Model - Unknown,Model Year,Model Year - Unknown,Same Vehicle ID,Mileage,Mileage - Unknown,Driver / Operator Type,ADAS/ADS System Version,ADAS/ADS System Version - Unk,ADAS/ADS System Version CBI,ADAS/ADS Hardware Version,ADAS/ADS Hardware Version - Unk,ADAS/ADS Hardware Version CBI,ADAS/ADS Software Version,ADAS/ADS Software Version - Unk,ADAS/ADS Software Version CBI,Other Reporting Entities?,Other Reporting Entities? - Unk,Other Reporting Entities? - NA,Federal Regulatory Exemption?,Other Federal Reg. Exemption,Federal Reg. Exemption - Unk,Federal Reg. Exemption - No,State or Local Permit?,State or Local Permit,ADS Equipped?,Automation System Engaged?,Operating Entity,Operating Entity - Unknown,Source - Complaint/Claim,Source - Telematics,Source - Law Enforcement,Source - Field Report,Source - Testing,Source - Media,Source - Other,Source - Other Text,Incident Date,Incident Date - Unknown,Notice Received Date,Incident Time (24:00),Incident Time - Unknown,Same Incident ID,Latitude,Latitude - Unknown,Longitude,Longitude - Unknown,Address,Address - Unknown,City,City - Unknown,State,Zip Code,Zip Code - Unknown,Roadway Type,Roadway Surface,Roadway Description,Posted Speed Limit (MPH),Posted Speed Limit - Unknown,Lighting,Weather - Clear,Weather - Snow,Weather - Cloudy,Weather - Fog/Smoke,Weather - Rain,Weather - Severe Wind,Weather - Unknown,Weather - Other,Weather - Other Text,Crash With,Highest Injury Severity Alleged,Property Damage?,CP Pre-Crash Movement,CP Any Air Bags Deployed?,CP Was Vehicle Towed?,CP Contact Area - Rear Left,CP Contact Area - Left,CP Contact Area - Front Left,CP Contact Area - Rear,CP Contact Area - Top,CP Contact Area - Front,CP Contact Area - Rear Right,CP Contact Area - Right,CP Contact Area - Front Right,CP Contact Area - Bottom,CP Contact Area - Unknown,SV Pre-Crash Movement,SV Any Air Bags Deployed?,SV Was Vehicle Towed?,SV Were All Passengers Belted?,SV Precrash Speed (MPH),SV Pre-crash Speed - Unknown,SV Contact Area - Rear Left,SV Contact Area - Left,SV Contact Area - Front Left,SV Contact Area - Rear,SV Contact Area - Top,SV Contact Area - Front,SV Contact Area - Rear Right,SV Contact Area - Right,SV Contact Area - Front Right,SV Contact Area - Bottom,SV Contact Area - Unknown,Data Availability - EDR,Data Availability - Police Rpt,Data Availability - Telematics,Data Availability - Complaints,Data Availability - Video,Data Availability - Other,Data Availability - No Data,Data Availability - Unknown,Law Enforcement Investigating?,Investigating Agency,Investigating Agency - Unknown,Rep Ent Or Mfr Investigating?,Investigating Officer Name,Inv. Officer Name - Unknown,Investigating Officer Phone,Inv. Officer Phone - Unknown,Investigating Officer Email,Inv. Officer Email - Unknown,Within ODD?,Within ODD? - CBI,Narrative,Narrative - CBI?
30270-5085,2,Waymo LLC,Update,,,MAR-2023,SADHW2S11M1, ,N/A,Jaguar,I-Pace, ,2021, ,a13402fe44e7310,23606, ,None,5th Generation ADS, , ,, , ,, , ,, , ,,, , ,,,Yes,ADS,Waymo LLC, , ,Y, , , , , ,,FEB-2023, ,FEB-2023,07:23, ,0d228d5bcb790d2,[MAY CONTAIN PERSONALLY IDENTIFIABLE INFORMATION], ,[MAY CONTAIN PERSONALLY IDENTIFIABLE INFORMATION], ,[MAY CONTAIN PERSONALLY IDENTIFIABLE INFORMATION], ,San Francisco, ,CA ,[MAY CONTAIN PERSONALLY IDENTIFIABLE INFORMATION], ,Intersection,Dry,No Unusual Conditions,25, ,Daylight,Y, , , , , , , ,,Heavy Truck,No Injuries Reported,No,Crossing into Opposing Lane,No,No, , ,Y, , , , , , , , ,Stopped,No,No,No Passengers in Vehicle,0, ,Y, , , , , , , , , , , , ,Y, ,Y,Y, , ,No,, ,Yes,, ,, ,, ,Yes, ,"On February [XXX], 2023 at 7:23 AM PST a Waymo Autonomous Vehicle (""Waymo AV"") operating in San Francisco, California was in a collision involving a heavy truck on [XXX] at [XXX]. 
The Waymo AV was proceeding East on [XXX] near the intersection with [XXX] when it came to a stop to yield to a heavy truck traveling West on [XXX]. As the heavy truck moved past the Waymo AV, the front left tire of the heavy truck made contact with the rear left sensor of the Waymo AV. The heavy truck then left the scene. At the time of the impact, the Waymo AV's Level 4 ADS was engaged in autonomous mode. The Waymo AV sustained damage.
Waymo is reporting this crash under Request No. 2 of Standing General Order 2021-01. Waymo is submitting this correction to the GENERAL DAMAGE / CONTACT AREA for the Heavy Truck from Report 30270-5085-1 which was submitted earlier today.",
30270-5081,1,Waymo LLC,Monthly,2,2023,MAR-2023,SADHW2S15M1, ,N/A,Jaguar,I-Pace, ,2021, ,e1d17d1b67dae98,46863, ,None,5th Generation ADS, , ,, , ,, , ,, , ,,, , ,,,Yes,ADS,Waymo LLC, , ,Y, , , , , ,,FEB-2023, ,FEB-2023,05:44, ,2cf58371e227f1a,[MAY CONTAIN PERSONALLY IDENTIFIABLE INFORMATION], ,[MAY CONTAIN PERSONALLY IDENTIFIABLE INFORMATION], ,[MAY CONTAIN PERSONALLY IDENTIFIABLE INFORMATION], ,San Francisco, ,CA ,[MAY CONTAIN PERSONALLY IDENTIFIABLE INFORMATION], ,Intersection,Dry,No Unusual Conditions,25, ,Dark - Lighted,Y, , , , , , , ,,Other Fixed Object,No Injuries Reported,No,,,, , , , , , , , , , , ,Proceeding Straight,No,No,No Passengers in Vehicle,12, , , , , , ,Y, , , , , , , ,Y, ,Y,Y, , ,No,, ,Yes,, ,, ,, ,Yes, ,"On February [XXX], 2023 at 5:43 AM PST a Waymo Autonomous Vehicle (""Waymo AV"") operating in San Francisco, California was in a collision involving road debris on [XXX] at [XXX].
The Waymo AV was proceeding East on [XXX] through the intersection with [XXX] when the front of the Waymo AV made contact with cardboard debris. At the time of the impact, the Waymo AV's Level 4 ADS was engaged in autonomous mode. The Waymo AV sustained damage. 
Waymo is reporting this crash under Request No. 2 of Standing General Order 2021-01. Waymo may supplement or correct its reporting with additional information as it may become available.",
30270-5082,1,Waymo LLC,Monthly,2,2023,MAR-2023,SADHW2S15M1, ,N/A,Jaguar,I-Pace, ,2021, ,4dd9f0bc3236236,50282, ,In-Vehicle (Commercial / Test),5th Generation ADS, , ,, , ,, , ,, , ,,, , ,,,Yes,ADS,Waymo LLC, , ,Y, , , , , ,,FEB-2023, ,FEB-2023,17:27, ,7c0c1b1cf93259f,[MAY CONTAIN PERSONALLY IDENTIFIABLE INFORMATION], ,[MAY CONTAIN PERSONALLY IDENTIFIABLE INFORMATION], ,[MAY CONTAIN PERSONALLY IDENTIFIABLE INFORMATION], ,Tempe, ,AZ ,[MAY CONTAIN PERSONALLY IDENTIFIABLE INFORMATION], ,Street,Dry,No Unusual Conditions,45, ,Daylight,Y, , , , , , , ,,SUV,No Injuries Reported,No,Changing Lanes,No,No, , , , , , , , ,Y, , ,Proceeding Straight,No,No,Yes,40, ,Y, , , , , , , , , , , , ,Y, ,Y,Y, , ,No,, ,Yes,, ,, ,, ,Yes, ,"On February [XXX], 2023 at 5:27 PM PST a Waymo Autonomous Vehicle (""Waymo AV"") operating in Tempe, Arizona was in a collision involving a SUV on [XXX]  at [XXX].
The Waymo AV was traveling North on [XXX] in the rightmost lane. As the Waymo AV approached the intersection of [XXX], traffic in the two lanes to the left of the Waymo AV was backed up and moving slowly or stopped. A SUV attempted to merge from the leftmost lane across a gap in traffic in the center lane and into the rightmost lane. While attempting to enter the Waymo AV's lane, the front right of the SUV made contact with the rear left of the Waymo AV. At the time of the impact, the Waymo AV's Level 4 ADS was engaged in autonomous mode, and a test driver was present (in the driver's seating position). Both vehicles sustained damage.
Waymo is reporting this crash under Request No. 2 of Standing General Order 2021-01. Waymo may supplement or correct its reporting with additional information as it may become available.",
30270-5083,1,Waymo LLC,Monthly,2,2023,MAR-2023,SADHW2S17M1, ,N/A,Jaguar,I-Pace, ,2021, ,474b4059a9adf93,16847, ,None,5th Generation ADS, , ,, , ,, , ,, , ,,, , ,,,Yes,ADS,Waymo LLC, , ,Y, , , , , ,,FEB-2023, ,FEB-2023,00:15, ,444d16299c00b0b,[MAY CONTAIN PERSONALLY IDENTIFIABLE INFORMATION], ,[MAY CONTAIN PERSONALLY IDENTIFIABLE INFORMATION], ,[MAY CONTAIN PERSONALLY IDENTIFIABLE INFORMATION], ,San Francisco, ,CA ,[MAY CONTAIN PERSONALLY IDENTIFIABLE INFORMATION], ,Intersection,Wet,No Unusual Conditions,25, ,Dark - Lighted, , , , ,Y, , , ,,Passenger Car,No Injuries Reported,No,Making Left Turn,No,No, , ,Y, , ,Y, , , , , ,Making Left Turn,No,No,No Passengers in Vehicle,14, , ,Y, , , , , , , , , , , ,Y, ,Y,Y, , ,No,, ,Yes,, ,, ,, ,Yes, ,"On February [XXX], 2023 at 12:15 AM PST a Waymo Autonomous Vehicle (""Waymo AV"") operating in San Francisco, California was in a collision involving a passenger vehicle on [XXX] at [XXX].
The Waymo AV was traveling southwest on [XXX] in autonomous mode. While the Waymo AV was making a left turn onto [XXX], a passenger vehicle proceeded into the intersection from the left and made contact with the left side of the Waymo AV. The other vehicle immediately left the scene. At the time of the impact, the Waymo AV's Level 4 ADS was engaged in autonomous mode. Both vehicles sustained damage.
Waymo is reporting this crash under Request No. 2 of Standing General Order 2021-01. Waymo may supplement or correct its reporting with additional information as it may become available.",
540-4965,2,"General Motors, LLC",10-Day Update,,,MAR-2023,5G21A6P06N4, ,N/A,Cruise,AV, ,2022, ,cca48370ec39081,1111, ,Remote (Commercial / Test),,Y, ,, , ,, , ,, , ,,, , ,,,Yes,ADS,Cruise LLC, , ,Y, ,Y, , , ,,MAR-2023, ,MAR-2023,01:06, ,623cbe4cd511622,[MAY CONTAIN PERSONALLY IDENTIFIABLE INFORMATION], ,[MAY CONTAIN PERSONALLY IDENTIFIABLE INFORMATION], ,[MAY CONTAIN PERSONALLY IDENTIFIABLE INFORMATION], ,San Francisco, ,CA ,[MAY CONTAIN PERSONALLY IDENTIFIABLE INFORMATION], ,Intersection,Dry,No Unusual Conditions,25, ,Dawn / Dusk,Y, , , , , , , ,,Passenger Car,No Injuries Reported,Yes,"Other, see Narrative",No,No, , ,Y, , , , , , , , ,Making Left Turn,No,Yes,No Passengers in Vehicle,3, , , ,Y, , , , , , , , ,Y, ,Y, ,Y,Y, , ,Yes,San Francisco Police Department, ,Yes,,Y,,Y,,Y,"Unknown, see Narrative", ,"On March 15, 2023, GM Cruise Holdings LLC (""Cruise"") filed an Incident Report (the ""Report"") under the Standing General Order 2021-01 dated June 29, 2021 (the ""Order""). General Motors LLC (GM) manufactured the Cruise-operated motor vehicle involved in the incident summarized in the Incident Report. Because GM is also a Reporting Entity under the Order, GM is submitting a duplicate of the redacted public copy of the Report. GM has selected ""Unknown"" in the ""ADS version"" and ""ODD time"" fields solely to avoid a second submission of nonpublic Cruise CBI GM is in possession of Cruise's responses to these fields, and incorporates Cruise's responses into this submission by reference. GM's submission is based on facts supplied to GM by Cruise. GM has not investigated the alleged incident and currently believes, based on a reasonable inquiry, that it has no independent knowledge of the facts in the Report. (Reference file: 30412-4960-2)",
30412-4960,2,Cruise LLC,10-Day Update,,,MAR-2023,5G21A6P06N4, ,N/A,Cruise,AV, ,2022, ,cca48370ec39081,1111, ,Remote (Commercial / Test),"[REDACTED, MAY CONTAIN CONFIDENTIAL BUSINESS INFORMATION]", ,Y,, , ,, , ,, , ,,, , ,,,Yes,ADS,Cruise LLC, , ,Y, ,Y, , , ,,MAR-2023, ,MAR-2023,01:06, ,623cbe4cd511622,[MAY CONTAIN PERSONALLY IDENTIFIABLE INFORMATION], ,[MAY CONTAIN PERSONALLY IDENTIFIABLE INFORMATION], ,[MAY CONTAIN PERSONALLY IDENTIFIABLE INFORMATION], ,San Francisco, ,CA ,[MAY CONTAIN PERSONALLY IDENTIFIABLE INFORMATION], ,Intersection,Dry,No Unusual Conditions,25, ,Dark - Lighted,Y, , , , , , , ,,Passenger Car,No Injuries Reported,Yes,"Other, see Narrative",No,No, , ,Y, , , , , , , , ,Making Left Turn,No,Yes,No Passengers in Vehicle,3, , , ,Y, , , , , , , , ,Y, ,Y, ,Y,Y, , ,Yes,San Francisco Police Department, ,Yes,,Y,,Y,,Y,"[REDACTED, MAY CONTAIN CONFIDENTIAL BUSINESS INFORMATION]",Y,"There is an update on Post Crash Information related to this incident since the original submission on March 7, 2023. Cruise autonomous vehicle (""Cruise AV""), operating in driverless autonomous mode, was at a complete stop in response to a red light on [XXX] at the intersection with [XXX]. The Cruise AV began to proceed as the light turned green when an Infiniti Q50 passed the Cruise AV in the oncoming traffic lane and began performing ""donuts"" in the intersection. The Cruise AV began to initiate a left turn onto [XXX] when the Infiniti Q50 made contact with the Cruise AV's front driver side bumper, causing damage to the front driver side bumper, front driver side fascia and front driver side headlight. The driver of the Infiniti Q50 left the scene without exchanging information. There were no reported injuries and the Cruise AV was towed from the incident. [REDACTED, MAY CONTAIN CONFIDENTIAL BUSINESS INFORMATION]",Y
540-5061,1,"General Motors, LLC",Monthly,2,2023,MAR-2023,5G21A6P07P4, ,N/A,Cruise,AV, ,2023, ,a48d7d37bb1de6c,1129, ,Remote (Commercial / Test),,Y, ,, , ,, , ,, , ,,, , ,,,Yes,ADS,Cruise LLC, , ,Y, ,Y, , , ,,FEB-2023, ,FEB-2023,00:29, ,e67b7f9cd19c53f,[MAY CONTAIN PERSONALLY IDENTIFIABLE INFORMATION], ,[MAY CONTAIN PERSONALLY IDENTIFIABLE INFORMATION], ,[MAY CONTAIN PERSONALLY IDENTIFIABLE INFORMATION], ,San Francisco, ,CA ,[MAY CONTAIN PERSONALLY IDENTIFIABLE INFORMATION], ,Street,Dry,No Unusual Conditions,25, ,Dark - Lighted,Y, , , , , , , ,,Van,No Injuries Reported,Yes,Proceeding Straight,No,No, , , , , , , , ,Y, , ,Merging,No,No,No Passengers in Vehicle,24, , ,Y, , , , , , , , , ,Y, ,Y, ,Y,Y, , ,No,, ,Yes,, ,, ,, ,"Unknown, see Narrative", ,"On March 14, 2023, GM Cruise Holdings LLC (""Cruise"") filed an Incident Report (the ""Report"") under the Standing General Order 2021-01 dated June 29, 2021 (the ""Order""). General Motors LLC (GM) manufactured the Cruise-operated motor vehicle involved in the incident summarized in the Incident Report. Because GM is also a Reporting Entity under the Order, GM is submitting a duplicate of the redacted public copy of the Report. GM has selected ""Unknown"" in the ""ADS version"" and ""ODD time"" fields solely to avoid a second submission of nonpublic Cruise CBI GM is in possession of Cruise's responses to these fields, and incorporates Cruise's responses into this submission by reference. GM's submission is based on facts supplied to GM by Cruise. GM has not investigated the alleged incident and currently believes, based on a reasonable inquiry, that it has no independent knowledge of the facts in the Report. (Reference file: 30412-5036-1)",
540-5060,1,"General Motors, LLC",Monthly,2,2023,MAR-2023,5G21A6P00N4, ,N/A,Cruise,AV, ,2022, ,1321c26de5aba76,4632, ,Remote (Commercial / Test),,Y, ,, , ,, , ,, , ,,, , ,,,Yes,ADS,Cruise LLC, , ,Y, ,Y, , , ,,FEB-2023, ,FEB-2023,02:05, ,1554418482f70b1,[MAY CONTAIN PERSONALLY IDENTIFIABLE INFORMATION], ,[MAY CONTAIN PERSONALLY IDENTIFIABLE INFORMATION], ,[MAY CONTAIN PERSONALLY IDENTIFIABLE INFORMATION], ,San Fancisco, ,CA ,[MAY CONTAIN PERSONALLY IDENTIFIABLE INFORMATION], ,Street,Dry,No Unusual Conditions,25, ,Dark - Lighted,Y, , , , , , , ,,Heavy Truck,No Injuries Reported,Yes,Backing,No,No,Y, , , , , , , , , , ,Stopped,No,No,No Passengers in Vehicle,0, , , , , , , , ,Y, , , ,Y, ,Y, ,Y,Y, , ,Yes,San Francisco Police Department, ,Yes,[MAY CONTAIN PERSONALLY IDENTIFIABLE INFORMATION], ,,Y,,Y,"Unknown, see Narrative", ,"On March 14, 2023 GM Cruise Holdings LLC (""Cruise"") filed an Incident Report (the ""Report"") under the Standing General Order 2021-01 dated June 29, 2021 (the ""Order""). General Motors LLC (GM) manufactured the Cruise-operated motor vehicle involved in the incident summarized in the Incident Report. Because GM is also a Reporting Entity under the Order, GM is submitting a duplicate of the redacted public copy of the Report. GM has selected ""Unknown"" in the ""ADS version"" and ""ODD time"" fields solely to avoid a second submission of nonpublic Cruise CBI GM is in possession of Cruise's responses to these fields, and incorporates Cruise's responses into this submission by reference. GM's submission is based on facts supplied to GM by Cruise. GM has not investigated the alleged incident and currently believes, based on a reasonable inquiry, that it has no independent knowledge of the facts in the Report. (Reference file: 30412-5035-1)",
855-5058,1,"Mercedes-Benz USA, LLC",Monthly,3,2023,MAR-2023,W1K6G7GB4PA, ,[MAY CONTAIN PERSONALLY IDENTIFIABLE INFORMATION],Mercedes-Benz,S580, ,2022, ,89c23e414562529,15045, ,In-Vehicle (Commercial / Test),DRIVE PILOT, , ,, , ,, , ,, , ,,, , ,,,Yes,"Unknown, see Narrative",Mercedes-Benz Research and Development North America, , , , , ,Y, , ,,FEB-2023, ,FEB-2023,15:10, ,5d69e01333fae90,,Y,,Y,[MAY CONTAIN PERSONALLY IDENTIFIABLE INFORMATION], ,Gardena, ,CA ,[MAY CONTAIN PERSONALLY IDENTIFIABLE INFORMATION], ,Highway / Freeway,Dry,"Other, see Narrative",,Y,Daylight,Y, , , , , , , ,,SUV,No Injuries Reported,No,Proceeding Straight,No,No, , ,Y, , ,Y, , ,Y, , ,Proceeding Straight,No,No,Yes,,Y,Y, , ,Y, , ,Y, , , , , , , , , ,Y, , ,No,, ,No,, ,, ,, ,"No, see Narrative", ,"The subject Mercedes-Benz vehicle was driving in stop and go traffic on the [XXX] in Gardena, California with the L3 ADS activated. The test route selected by the driver in the vehicle's navigation system indicated an upcoming exit, so the driver began to prepare for a lane change towards the highway exit by deactivating the L3 ADS and activating the turn signal. Once the vehicle was in conventional driving mode, the driver looked for a gap in the adjacent lane to merge towards the exit lane, applied the brakes, and slowed the vehicle down. The SUV following the Mercedes-Benz vehicle did not respond in time to the vehicle's braking and contacted the rear of the Mercedes-Benz approximately 10 seconds after the L3 ADS was deactivated.  The Mercedes-Benz vehicle experienced minor damage to the rear bumper. No injuries were reported, no airbags deployed in either vehicle, and both vehicles were driven from the scene of the incident.",
855-5055,1,"Mercedes-Benz USA, LLC",Monthly,3,2023,MAR-2023,W1K2231761A, ,[MAY CONTAIN PERSONALLY IDENTIFIABLE INFORMATION],Mercedes-Benz,S580, ,2021, ,19247ac4efdcbaf,45380, ,In-Vehicle (Commercial / Test),DRIVE PILOT, , ,, , ,, , ,, , ,,, , ,,,Yes,ADS,Mercedes-Benz Research and Development North America, , , ,Y, ,Y, , ,,FEB-2023, ,FEB-2023,08:25, ,387fb65aeb5202f,[MAY CONTAIN PERSONALLY IDENTIFIABLE INFORMATION], ,[MAY CONTAIN PERSONALLY IDENTIFIABLE INFORMATION], ,[MAY CONTAIN PERSONALLY IDENTIFIABLE INFORMATION], ,Downey, ,CA ,[MAY CONTAIN PERSONALLY IDENTIFIABLE INFORMATION], ,Highway / Freeway,Dry,"Other, see Narrative",65, ,Daylight,Y, , , , , , , ,,Heavy Truck,No Injuries Reported,No,Proceeding Straight,No,No, , , , , ,Y, , , , , ,Stopped,No,No,Yes,,Y,Y, , ,Y, , ,Y, , , , , ,Y, , , ,Y, , ,Yes,California Highway Patrol, ,Yes,[MAY CONTAIN PERSONALLY IDENTIFIABLE INFORMATION], ,,Y,,Y,Yes, ,"Mercedes-Benz has conducted a review of the incident and the following is based on that review. The subject Mercedes-Benz Drive Pilot test vehicle was traveling between 15-20 mph in the #2 northbound lane on the [XXX] in California in stop and go traffic with the L3 ADS activated by the driver. The vehicle's ADS determined that a truck traveling in the adjacent lane had a trajectory towards the Drive Pilot's lane, and so the Mercedes-Benz test vehicle autonomously applied the brakes to avoid a collision. After applying the brakes and bringing itself to a standstill, the Mercedes-Benz was then struck in the rear bumper by a trailing semi-truck that did not stop in time. No injuries were reported, no airbags deployed in either vehicle, and both vehicles were able to be driven from the scene of the incident. The Mercedes-Benz vehicle experienced minor damage to the rear bumper, and no damage was observed on the semi-truck at the scene. The CA Traffic Collision Report for the subject incident noted a violation of California Vehicle Code 22350 (unsafe speed for traffic conditions) by the semi-truck in the #2 lane that struck the rear bumper of the Mercedes-Benz.",
988-4816,1,PACCAR Incorporated,Monthly,2,2023,MAR-2023,1XKYD49XXPJ, ,N/A,Kenworth Motor Truck Co,T680, ,2023, ,2309d0a572da37c,40405, ,In-Vehicle (Commercial / Test),,Y, ,, , ,, , ,, , ,,, , ,,,Yes,ADS,"Kodiak Robotics, Inc.", , , , , ,Y, , ,,FEB-2023, ,FEB-2023,10:15, ,d1097c7706589a9,[MAY CONTAIN PERSONALLY IDENTIFIABLE INFORMATION], ,[MAY CONTAIN PERSONALLY IDENTIFIABLE INFORMATION], ,[MAY CONTAIN PERSONALLY IDENTIFIABLE INFORMATION], ,Waxahachie, ,TX ,[MAY CONTAIN PERSONALLY IDENTIFIABLE INFORMATION], ,Highway / Freeway,Dry,Work Zone,60, ,Daylight, , ,Y, , , , , ,,SUV,No Injuries Reported,Yes,Lane / Road Departure,Unknown,Yes, , , , , , , , ,Y, , ,Proceeding Straight,No,No,Yes,56, ,Y, , , , , , , , , , , , ,Y, ,Y,Y, , ,Yes,Waxahachie Police Department, ,No,[MAY CONTAIN PERSONALLY IDENTIFIABLE INFORMATION], ,[MAY CONTAIN PERSONALLY IDENTIFIABLE INFORMATION], ,[MAY CONTAIN PERSONALLY IDENTIFIABLE INFORMATION], ,Yes, ,"A police report was issued after the 1-Day SGO incident report was submitted. It determined the driver of the
crossover SUV to be at fault and noted that the crossover SUV's driver advised officers that he fell asleep while driving and
caused the accident. The content of this incident report is otherwise unchanged from the initial incident report submitted on
February 7, 2023.
On February 7, 2023, Kodiak Robotics, Inc. (""Kodiak"") filed an Incident Report (the ""Report"") under the Standing General Order 2021-01 (the ""Order""). PACCAR, Inc. (Paccar) manufactured the Kodiak-operated motor vehicle involved in the incident summarized in the Incident Report. Because Paccar is also a Reporting Entity under the Order, Paccar is submitting a duplicate of the redacted public copy of the Report. Paccar has selected ""Unknown"" in the ""ADS version"" field solely to avoid a second submission of nonpublic Kodiak CBI. Paccar is in possession of Kodiak's response to this field and incorporates Kodiak's response into this submission by reference. Paccar's submission is based on facts supplied to Paccar by Kodiak. Paccar has not investigated the alleged incident and currently believes, based on a reasonable inquiry, that it has no independent knowledge of the facts in the Report.",
30610-4815,1,"Zoox, Inc.",Monthly,2,2023,MAR-2023,5TDDCRFH9GS, ,N/A,Toyota,Highlander, ,2016, ,0def0400dbda986,73157, ,In-Vehicle (Commercial / Test),110.23.1.1, , ,, , ,, , ,, , ,,, , ,,,Yes,ADS,Zoox, , , , ,Y,Y, , ,,JAN-2023, ,JAN-2023,18:40, ,e3735a4436407e9,[MAY CONTAIN PERSONALLY IDENTIFIABLE INFORMATION], ,[MAY CONTAIN PERSONALLY IDENTIFIABLE INFORMATION], ,[MAY CONTAIN PERSONALLY IDENTIFIABLE INFORMATION], ,San Francisco, ,CA ,[MAY CONTAIN PERSONALLY IDENTIFIABLE INFORMATION], ,Street,Dry,No Unusual Conditions,25, ,Dark - Lighted,Y, , , , , , , ,,Passenger Car,No Injuries Reported,Yes,Parked,No,Unknown, , , , , , , ,Y,Y, , ,Proceeding Straight,No,No,Yes,3, , , ,Y, , , , , , , , , , ,Y, ,Y, , , ,No,, ,No,, ,, ,, ,Yes, ,"A Zoox vehicle in autonomous mode was proceeding straight in its lane on [XXX] in San Francisco, CA when an occupant of a parallel parked car (Vehicle 2) abruptly opened its rear passenger side door into the side of the Zoox vehicle, causing minor damage to both vehicles. The Zoox operator disengaged as a result of the contact. There were no injuries and the police were not called. This a resubmission of the same report and information submitted February 14, 2023.",
30412-5036,1,Cruise LLC,Monthly,2,2023,MAR-2023,5G21A6P07P4, ,N/A,Cruise,AV, ,2023, ,a48d7d37bb1de6c,1129, ,Remote (Commercial / Test),"[REDACTED, MAY CONTAIN CONFIDENTIAL BUSINESS INFORMATION]", ,Y,, , ,, , ,, , ,,, , ,,,Yes,ADS,Cruise LLC, , ,Y, ,Y, , , ,,FEB-2023, ,FEB-2023,00:29, ,e67b7f9cd19c53f,[MAY CONTAIN PERSONALLY IDENTIFIABLE INFORMATION], ,[MAY CONTAIN PERSONALLY IDENTIFIABLE INFORMATION], ,[MAY CONTAIN PERSONALLY IDENTIFIABLE INFORMATION], ,San Francisco, ,CA ,[MAY CONTAIN PERSONALLY IDENTIFIABLE INFORMATION], ,Street,Dry,No Unusual Conditions,25, ,Dark - Lighted,Y, , , , , , , ,,Van,No Injuries Reported,Yes,Proceeding Straight,No,No, , , , , , , , ,Y, , ,Merging,No,No,No Passengers in Vehicle,24, , ,Y, , , , , , , , , ,Y, ,Y, ,Y,Y, , ,No,, ,Yes,, ,, ,, ,"[REDACTED, MAY CONTAIN CONFIDENTIAL BUSINESS INFORMATION]",Y,"A Cruise autonomous vehicle (""Cruise AV""), operating in driverless autonomous mode, was traveling northbound on [XXX] in the right lane between [XXX] and [XXX]. At the same time, a utility van was traveling in the left lane and slightly behind the Cruise AV. The Cruise AV began to merge into the left lane when the Cruise AV's side panel made contact with the utility van's front right fender. In response, the Cruise AV merged back into the right lane, initiated hazard lights, and pulled over. There was damage to the driver side panel and passenger side panel of the Cruise AV. The parties exchanged information and there were no injuries.[REDACTED, MAY CONTAIN CONFIDENTIAL BUSINESS INFORMATION]",Y
30412-5035,1,Cruise LLC,Monthly,2,2023,MAR-2023,5G21A6P00N4, ,N/A,Cruise,AV, ,2022, ,1321c26de5aba76,4362, ,Remote (Commercial / Test),"[REDACTED, MAY CONTAIN CONFIDENTIAL BUSINESS INFORMATION]", ,Y,, , ,, , ,, , ,,, , ,,,Yes,ADS,Cruise LLC, , ,Y, ,Y, , , ,,FEB-2023, ,FEB-2023,02:05, ,1554418482f70b1,[MAY CONTAIN PERSONALLY IDENTIFIABLE INFORMATION], ,[MAY CONTAIN PERSONALLY IDENTIFIABLE INFORMATION], ,[MAY CONTAIN PERSONALLY IDENTIFIABLE INFORMATION], ,San Francisco, ,CA ,[MAY CONTAIN PERSONALLY IDENTIFIABLE INFORMATION], ,Street,Dry,No Unusual Conditions,25, ,Dark - Lighted,Y, , , , , , , ,,Heavy Truck,No Injuries Reported,Yes,Backing,No,No,Y, , , , , , , , , , ,Stopped,No,No,No Passengers in Vehicle,0, , , , , , , , ,Y, , , ,Y, ,Y, ,Y,Y, , ,Yes,San Francisco Police Department, ,Yes,[MAY CONTAIN PERSONALLY IDENTIFIABLE INFORMATION], ,,Y,,Y,"[REDACTED, MAY CONTAIN CONFIDENTIAL BUSINESS INFORMATION]",Y,"A Cruise autonomous vehicle (""Cruise AV""), operating in driverless autonomous mode, was traveling southbound on [XXX] in the rightmost lane between [XXX] and [XXX]. The Cruise AV approached a double-parked garbage truck in the rightmost lane. As the Cruise AV began to maneuver around and to the left of the garbage truck, the garbage truck began to reverse. The Cruise AV stopped in response, after which the truck made contact with the Cruise AV's front and rear passenger side door and front passenger window, damaging the front and rear passenger side door and front passenger window. The driver of the garbage truck did not provide their contact information but their supervisor provided their contact information and there were no reported injuries. [REDACTED, MAY CONTAIN CONFIDENTIAL BUSINESS INFORMATION]",Y