Report ID,Report Version,Reporting Entity,Report Type,Report Month,Report Year,Report Submission Date,VIN,VIN - Unknown,Serial Number,Make,Model,Model - Unknown,Model Year,Model Year - Unknown,Same Vehicle ID,Mileage,Mileage - Unknown,Driver / Operator Type,ADAS/ADS System Version,ADAS/ADS System Version - Unk,ADAS/ADS System Version CBI,ADAS/ADS Hardware Version,ADAS/ADS Hardware Version - Unk,ADAS/ADS Hardware Version CBI,ADAS/ADS Software Version,ADAS/ADS Software Version - Unk,ADAS/ADS Software Version CBI,Other Reporting Entities?,Other Reporting Entities? - Unk,Other Reporting Entities? - NA,Federal Regulatory Exemption?,Other Federal Reg. Exemption,Federal Reg. Exemption - Unk,Federal Reg. Exemption - No,State or Local Permit?,State or Local Permit,ADS Equipped?,Automation System Engaged?,Operating Entity,Operating Entity - Unknown,Source - Complaint/Claim,Source - Telematics,Source - Law Enforcement,Source - Field Report,Source - Testing,Source - Media,Source - Other,Source - Other Text,Incident Date,Incident Date - Unknown,Notice Received Date,Incident Time (24:00),Incident Time - Unknown,Same Incident ID,Latitude,Latitude - Unknown,Longitude,Longitude - Unknown,Address,Address - Unknown,City,City - Unknown,State,Zip Code,Zip Code - Unknown,Roadway Type,Roadway Surface,Roadway Description,Posted Speed Limit (MPH),Posted Speed Limit - Unknown,Lighting,Weather - Clear,Weather - Snow,Weather - Cloudy,Weather - Fog/Smoke,Weather - Rain,Weather - Severe Wind,Weather - Unknown,Weather - Other,Weather - Other Text,Crash With,Highest Injury Severity Alleged,Property Damage?,CP Pre-Crash Movement,CP Any Air Bags Deployed?,CP Was Vehicle Towed?,CP Contact Area - Rear Left,CP Contact Area - Left,CP Contact Area - Front Left,CP Contact Area - Rear,CP Contact Area - Top,CP Contact Area - Front,CP Contact Area - Rear Right,CP Contact Area - Right,CP Contact Area - Front Right,CP Contact Area - Bottom,CP Contact Area - Unknown,SV Pre-Crash Movement,SV Any Air Bags Deployed?,SV Was Vehicle Towed?,SV Were All Passengers Belted?,SV Precrash Speed (MPH),SV Pre-crash Speed - Unknown,SV Contact Area - Rear Left,SV Contact Area - Left,SV Contact Area - Front Left,SV Contact Area - Rear,SV Contact Area - Top,SV Contact Area - Front,SV Contact Area - Rear Right,SV Contact Area - Right,SV Contact Area - Front Right,SV Contact Area - Bottom,SV Contact Area - Unknown,Data Availability - EDR,Data Availability - Police Rpt,Data Availability - Telematics,Data Availability - Complaints,Data Availability - Video,Data Availability - Other,Data Availability - No Data,Data Availability - Unknown,Law Enforcement Investigating?,Investigating Agency,Investigating Agency - Unknown,Rep Ent Or Mfr Investigating?,Investigating Officer Name,Inv. Officer Name - Unknown,Investigating Officer Phone,Inv. Officer Phone - Unknown,Investigating Officer Email,Inv. Officer Email - Unknown,Within ODD?,Within ODD? - CBI,Narrative,Narrative - CBI?
30413-4352,1,May Mobility,1-Day,,,DEC-2022,2T2JGMDA2LC, ,N/A,Lexus,RX450h, ,2020, ,1c26f99cf0c3b77,24692, ,In-Vehicle (Commercial / Test),4, , ,, , ,, , ,, , ,,, , ,,,Yes,ADS,May Mobility, , , , ,Y, , , ,,DEC-2022, ,DEC-2022,18:38, ,f7cf904127f755d,[MAY CONTAIN PERSONALLY IDENTIFIABLE INFORMATION], ,[MAY CONTAIN PERSONALLY IDENTIFIABLE INFORMATION], ,[MAY CONTAIN PERSONALLY IDENTIFIABLE INFORMATION], ,Ann Arbor, ,MI ,[MAY CONTAIN PERSONALLY IDENTIFIABLE INFORMATION], ,Street,Dry,Traffic Incident,0, ,Dark - Lighted,Y, , , , , , , ,,SUV,No Injuries Reported,No,Proceeding Straight,No,No, , , , , ,Y, , ,Y, , ,Stopped,No,No,Yes,0, ,Y, , ,Y, , , , , , , , ,Y, , , , , , ,No,, ,Yes,, ,, ,, ,Yes, ,"Operator turned onto [XXX] headed westbound approaching the stop sign at the intersection with [XXX]. In autonomy, the subject vehicle came to a stop. An SUV behind the subject vehicle then rear-ended the subject vehicle. No injuries were reported by the operator or the driver of the other vehicle and there was no damage to the SUV and a small crack in the bumper for the subject vehicle.",
30531-4278,1,Transdev Alternative Services,Monthly,10,2022,NOV-2022,SADHW2S18M1, ,N/A,Jaguar,I-Pace, ,2021, ,4a17d6b39e90898,28333, ,In-Vehicle (Commercial / Test),5th Generation ADS, , ,, , ,, , ,, , ,,, , ,,,Yes,ADS,Waymo LLC, , ,Y, , , , , ,,OCT-2022, ,OCT-2022,08:27, ,27528ff2c99e583,[MAY CONTAIN PERSONALLY IDENTIFIABLE INFORMATION], ,[MAY CONTAIN PERSONALLY IDENTIFIABLE INFORMATION], ,[MAY CONTAIN PERSONALLY IDENTIFIABLE INFORMATION], ,San Francisco, ,CA ,[MAY CONTAIN PERSONALLY IDENTIFIABLE INFORMATION], ,Intersection,Dry,No Unusual Conditions,15, ,Daylight,Y, , , , , , , ,,"Other, see Narrative",No Injuries Reported,Yes,"Other, see Narrative",Not Applicable,Not Applicable, , , , , , , , , , ,Y,Proceeding Straight,No,No,Yes,6, , , , , , , , , , ,Y, , , ,Y, ,Y,Y, , ,No,, ,Yes,, ,, ,, ,Yes, ,"On October [XXX], 2022 at 8:27 AM PST a Waymo Autonomous Vehicle (""Waymo AV"") operating in San Francisco, California made contact with the pavement on a steep hill on [XXX] at [XXX].
The Waymo AV was on a steep hill, turning from [XXX] onto [XXX], when the Waymo AV's undercarriage made contact with the pavement (the AV did not contact any vehicle or road user).  At the time of the impact, the Waymo AV's Level 4 ADS was engaged in autonomous mode, and a test driver was present (in the driver's seating position).  The Waymo AV sustained damage.
Transdev Alternative Services is reporting this crash under Request No. 2 of Standing General order 2021-01.  Transdev may supplement or correct its reporting with additional information as it may become available.  This report is a duplicate of WaymoLLC-20221021-0 (rev.20221115172608).",
30270-4274,1,Waymo LLC,Monthly,10,2022,NOV-2022,SADHW2S18M1, ,N/A,Jaguar,I-Pace, ,2021, ,4a17d6b39e90898,28333, ,In-Vehicle (Commercial / Test),5th Generation ADS, , ,, , ,, , ,, , ,,, , ,,,Yes,ADS,Waymo LLC, , ,Y, , , , , ,,OCT-2022, ,OCT-2022,08:27, ,27528ff2c99e583,[MAY CONTAIN PERSONALLY IDENTIFIABLE INFORMATION], ,[MAY CONTAIN PERSONALLY IDENTIFIABLE INFORMATION], ,[MAY CONTAIN PERSONALLY IDENTIFIABLE INFORMATION], ,San Francisco, ,CA ,[MAY CONTAIN PERSONALLY IDENTIFIABLE INFORMATION], ,Intersection,Dry,No Unusual Conditions,15, ,Daylight,Y, , , , , , , ,,"Other, see Narrative",No Injuries Reported,Yes,"Other, see Narrative",Not Applicable,Not Applicable, , , , , , , , , , ,Y,Making Right Turn,No,No,Yes,6, , , , , , , , , , ,Y, , , ,Y, ,Y,Y, , ,No,, ,Yes,, ,, ,, ,Yes, ,"On October [XXX], 2022 at 8:27 AM PST a Waymo Autonomous Vehicle (Waymo AV) operating in San Francisco, California made contact with the pavement on a steep hill on [XXX] at [XXX].
The Waymo AV was on a steep hill, turning from [XXX] onto [XXX], when the Waymo AV's undercarriage made contact with the pavement (the AV did not contact any vehicle or road user). At the time of the impact, the Waymo AVs Level 4 ADS was engaged in autonomous mode, and a test driver was present (in the drivers seating position). The Waymo AV sustained damage.
Waymo is reporting this crash under Request No. 2 of Standing General Order 2021-01. Waymo may supplement or correct its reporting with additional information as it may become available.",
30530-4264,1,"Aurora Operations, Inc.",Monthly,11,2022,NOV-2022,1XPBD49X0ND, ,n/a,Peterbilt,579, ,2022, ,f05623756b7ce73,3987, ,In-Vehicle (Commercial / Test),,Y, ,, , ,, , ,, , ,,, , ,,,Yes,ADAS,"Aurora Operations, Inc.", , , , , ,Y, , ,,OCT-2022, ,OCT-2022,10:55, ,b393cfe0f714730,[MAY CONTAIN PERSONALLY IDENTIFIABLE INFORMATION], ,[MAY CONTAIN PERSONALLY IDENTIFIABLE INFORMATION], ,[MAY CONTAIN PERSONALLY IDENTIFIABLE INFORMATION], ,Shenandoah, ,TX ,[MAY CONTAIN PERSONALLY IDENTIFIABLE INFORMATION], ,Highway / Freeway,Dry,No Unusual Conditions,65, ,Daylight,Y, , , , , , , ,,"Other, see Narrative",No Injuries Reported,Yes,"Other, see Narrative",Not Applicable,Not Applicable, , , , , , , , , , ,Y,Proceeding Straight,No,No,Yes,64, , , , , , , , , ,Y, , , , , , ,Y,Y, , ,No,, ,No,, ,, ,, ,Yes, ,"At 10:55am on 10/[XXX]/22, an Aurora Class 8 truck was traveling southbound in manual mode in normal traffic conditions on [XXX] when an approximately 3-foot long 2x4 piece of wood was kicked up into the Aurora truck's windshield after going under the wheels of a truck to the left of the Aurora truck.  The Aurora truck's windshield cracked on the lower right side as a result of the strike, but did not shatter.  To be clear, the Aurora Driver was not in autonomous mode at the time of the incident or for 16 seconds prior to the incident.  There were no injuries as a result of the incident.",
502-4132,1,Ford Motor Company,Monthly,10,2022,NOV-2022,1FMCU0DZ3LU, ,N/A,Ford,Escape, ,2020, ,44e401161509e26,2277, ,In-Vehicle (Commercial / Test),"[REDACTED, MAY CONTAIN CONFIDENTIAL BUSINESS INFORMATION]", ,Y,, , ,, , ,, , ,,, , ,,,Yes,ADS,Argo AI, , , , ,Y,Y, , ,,OCT-2022, ,OCT-2022,08:00, ,04f2cedde6aabb4,[MAY CONTAIN PERSONALLY IDENTIFIABLE INFORMATION], ,[MAY CONTAIN PERSONALLY IDENTIFIABLE INFORMATION], ,[MAY CONTAIN PERSONALLY IDENTIFIABLE INFORMATION], ,Austin, ,TX ,[MAY CONTAIN PERSONALLY IDENTIFIABLE INFORMATION], ,Street,Dry,No Unusual Conditions,25, ,Daylight,Y, , , , , , , ,,Passenger Car,No Injuries Reported,Yes,Proceeding Straight,No,No, , , , , , , ,Y, , , ,Making Right Turn,No,No,Yes,0, ,Y, , , , , , , , , , , , , , ,Y,Y, , ,No,, ,Yes,, ,, ,, ,"[REDACTED, MAY CONTAIN CONFIDENTIAL BUSINESS INFORMATION]",Y,"As reported by Argo AI to Ford on October [XXX], 2022 (Report # 30290-4128-1), an Argo AI Autonomous Vehicle (""Argo AV"") was impacted in the rear while traveling [REDACTED, MAY CONTAIN CONFIDENTIAL BUSINESS INFORMATION]. As the Argo AV was completing the turn, the vehicle directly behind the Argo AV continued straight, failed to provide sufficient clearance, and contacted the driver side corner of the rear bumper of the Argo AV. [REDACTED, MAY CONTAIN CONFIDENTIAL BUSINESS INFORMATION]
""Other"" data availability: test vehicle data.",Y
502-4131,1,Ford Motor Company,Monthly,10,2022,NOV-2022,1FMCU0DZ3LU, ,N/A,Ford,Escape, ,2020, ,44e401161509e26,1912, ,In-Vehicle (Commercial / Test),"[REDACTED, MAY CONTAIN CONFIDENTIAL BUSINESS INFORMATION]", ,Y,, , ,, , ,, , ,,, , ,,,Yes,ADS,Argo AI, , , , ,Y,Y, , ,,OCT-2022, ,OCT-2022,13:14, ,f96aa95fcd96be5,[MAY CONTAIN PERSONALLY IDENTIFIABLE INFORMATION], ,[MAY CONTAIN PERSONALLY IDENTIFIABLE INFORMATION], ,[MAY CONTAIN PERSONALLY IDENTIFIABLE INFORMATION], ,Austin, ,TX ,[MAY CONTAIN PERSONALLY IDENTIFIABLE INFORMATION], ,Street,Dry,No Unusual Conditions,30, ,Daylight,Y, , , , , , , ,,Passenger Car,No Injuries Reported,Yes,Parked,No,No, ,Y, , , , , , , , , ,Proceeding Straight,No,No,Yes,11, , , , , , , , ,Y, , , , , , , ,Y,Y, , ,No,, ,Yes,, ,, ,, ,"[REDACTED, MAY CONTAIN CONFIDENTIAL BUSINESS INFORMATION]",Y,"As reported by Argo AI to Ford on October [XXX], 2022 (Report # 30290-4127-1), an Argo AI Autonomous Vehicle (""Argo AV"") was traveling [REDACTED, MAY CONTAIN CONFIDENTIAL BUSINESS INFORMATION]. The Test Specialist determined that they would like to pull the vehicle over and transitioned the Argo AV out of Autonomous mode and into Manual mode. While in Manual mode for 21 seconds, the Test Specialist made a right turn on [XXX], and, when passing a parked vehicle, the Argo AV contacted the driver-side mirror of the parked vehicle. [REDACTED, MAY CONTAIN CONFIDENTIAL BUSINESS INFORMATION]
""Other"" data availability: test vehicle data.",Y
1306-4235,1,Toyota Motor Engineering & Manufacturing,Monthly,10,2022,NOV-2022,5TDYRKEC0MS, ,N/A,Toyota,Sienna, ,2021, ,1b8e1ba43ca8f0b,700, ,In-Vehicle (Commercial / Test),4, , ,, , ,, , ,, , ,,, , ,,,Yes,ADS,May Mobility, , ,Y, ,Y, , , ,,SEP-2022, ,OCT-2022,09:02, ,379fa369488a397,[MAY CONTAIN PERSONALLY IDENTIFIABLE INFORMATION], ,[MAY CONTAIN PERSONALLY IDENTIFIABLE INFORMATION], ,[MAY CONTAIN PERSONALLY IDENTIFIABLE INFORMATION], ,Sun City, ,AZ ,[MAY CONTAIN PERSONALLY IDENTIFIABLE INFORMATION], ,Parking Lot,Dry,No Unusual Conditions,,Y,Daylight,Y, , , , , , , ,,Passenger Car,No Injuries Reported,No,Backing,No,No, , , ,Y, , , , , , , ,Backing,No,No,No Passengers in Vehicle,0, , , , , , ,Y, , , , , , , ,Y, ,Y, , , ,No,, ,No,, ,, ,, ,Yes, ,"This report is being submitted because May Mobility notified Toyota on Oct. 4, 2022 of Monthly Report submission 30413-3943-1,related to an incident reported in September 2022. Toyota has no additional information on this incident beyond what was submitted in the aforementioned Monthly Report. Please refer to the report from May Mobility for details.",
30610-4217,1,"Zoox, Inc.",Monthly,11,2022,NOV-2022,5TDDCRFH9GS, ,N/A,Toyota,Highlander, ,2016, ,c163af6fd5e1e60,39307, ,In-Vehicle (Commercial / Test),80.22.10.14, , ,, , ,, , ,, , ,,, , ,,,Yes,ADS,Zoox, , , , ,Y, , , ,,OCT-2022, ,OCT-2022,13:52, ,ff1fb0799a4f9e8,[MAY CONTAIN PERSONALLY IDENTIFIABLE INFORMATION], ,[MAY CONTAIN PERSONALLY IDENTIFIABLE INFORMATION], ,[MAY CONTAIN PERSONALLY IDENTIFIABLE INFORMATION], ,San Francisco, ,CA ,[MAY CONTAIN PERSONALLY IDENTIFIABLE INFORMATION], ,Intersection,Dry,No Unusual Conditions,25, ,Daylight,Y, , , , , , , ,,Passenger Car,No Injuries Reported,Yes,"Other, see Narrative",No,No, , , , , , , , ,Y, , ,Proceeding Straight,No,No,Yes,24, , , ,Y, , ,Y, , ,Y, , , , ,Y, ,Y, , , ,No,, ,No,, ,, ,, ,Yes, ,A Zoox vehicle was proceeding straight in autonomy through an intersection with a green light and right of way when vehicle 2 attempted an illegal left turn across lanes of traffic into Zooxs right of way. The safety driver disengaged and applied max braking effort which allowed Zoox to mitigate but not completely prevent the unavoidable collision. The Zoox vehicle struck the right front corner of vehicle 2. No injuries were reported and the police were not called to the scene.,
30610-4215,1,"Zoox, Inc.",Monthly,11,2022,NOV-2022,5TDDCRFH3GS, ,N/A,Toyota,Highlander, ,2016, ,9e82491db35e19c,57118, ,In-Vehicle (Commercial / Test),53.22.10.03, , ,, , ,, , ,, , ,,, , ,,,Yes,ADS,Zoox, , , , ,Y,Y, , ,,OCT-2022, ,OCT-2022,14:02, ,ee7410fb0a17f2e,[MAY CONTAIN PERSONALLY IDENTIFIABLE INFORMATION], ,[MAY CONTAIN PERSONALLY IDENTIFIABLE INFORMATION], ,[MAY CONTAIN PERSONALLY IDENTIFIABLE INFORMATION], ,San Francisco, ,CA ,[MAY CONTAIN PERSONALLY IDENTIFIABLE INFORMATION], ,Street,Dry,No Unusual Conditions,25, ,Daylight,Y, , , , , , , ,,Van,No Injuries Reported,Yes,"Other, see Narrative",No,No, , , , , , ,Y, , , , ,Stopped,No,No,Yes,0, , , , , , ,Y, , , , , , , ,Y, ,Y, , , ,No,, ,No,, ,, ,, ,Yes, ,"A Zoox vehicle was in autonomy proceeding straight on [XXX] in San Francisco, CA when it encountered a double parked vehicle in lane (vehicle 2). The Zoox vehicle came to a complete stop while waiting for an opportunity to merge around vehicle 2. Vehicle 2 then rolled backwards into the Zoox vehicle, causing minor damage to front sensors and Vehicle 2 rear bumper. There were no injuries and first responders were not notified. Post incident review did not observe any brake lights or reverse lights on vehicle 2 while it was rolling backwards.",
30413-4170,1,May Mobility,1-Day,,,NOV-2022,2T2JGMDA0LC, ,N/A,Lexus,RX450H, ,2020, ,cb6e38b363be262,25702, ,In-Vehicle (Commercial / Test),4, , ,, , ,, , ,, , ,,, , ,,,Yes,"Unknown, see Narrative",May Mobility, , , , ,Y, , , ,,NOV-2022, ,NOV-2022,15:43, ,03ad388e6676c05,[MAY CONTAIN PERSONALLY IDENTIFIABLE INFORMATION], ,[MAY CONTAIN PERSONALLY IDENTIFIABLE INFORMATION], ,[MAY CONTAIN PERSONALLY IDENTIFIABLE INFORMATION], ,Ann Arbor, ,MI ,[MAY CONTAIN PERSONALLY IDENTIFIABLE INFORMATION], ,Intersection,Dry,No Unusual Conditions,25, ,Daylight,Y, , , , , , , ,,Non-Motorist: Cyclist,No Injuries Reported,No,NM Moving on Sidewalk,,, , , , , , , , , , , ,Entering Traffic,No,No,Yes,4, , , ,Y, , ,Y, , , , , , ,Y, , , , , , ,No,, ,No,, ,, ,, ,"No, see Narrative", ,"Operator was approaching stop sign at the intersection of [XXX] westbound and [XXX] northbound, which is a planned disengagement (this unprotected turn is outside of our ODD). If left in autonomy, the vehicle would have come to a full stop before the stop line and remained stopped until the operator took over. 6 seconds prior to incident, operator took the vehicle over manually before it could have stopped in autonomy. Operator moved the vehicle manually passed the stop line, colliding with a bicyclist's back tire. No injuries reported from the bicyclist or the operator and no damage to the vehicle or bicycle.",
30531-4108,2,Transdev Alternative Services,10-Day Update,,,NOV-2022,1XPBD49X9ND, ,N/A,Peterbilt,579 Epiq, ,2022, ,ecbf8e4637f763d,151927, ,In-Vehicle (Commercial / Test),5th Generation ADS, , ,, , ,, , ,, , ,,, , ,,,Yes,ADS,Waymo LLC, , ,Y, , , , , ,,OCT-2022, ,OCT-2022,13:35, ,17c618d238f493f,[MAY CONTAIN PERSONALLY IDENTIFIABLE INFORMATION], ,[MAY CONTAIN PERSONALLY IDENTIFIABLE INFORMATION], ,[MAY CONTAIN PERSONALLY IDENTIFIABLE INFORMATION], ,Tempe, ,AZ ,[MAY CONTAIN PERSONALLY IDENTIFIABLE INFORMATION], ,Highway / Freeway,Dry,No Unusual Conditions,65, ,Daylight,Y, , , , , , , ,,Passenger Car,No Injuries Reported,Yes,"Other, see Narrative",Yes,Unknown, , ,Y, , ,Y, , ,Y, , ,Proceeding Straight,No,Yes,Yes,59, , , , , , , ,Y,Y, , , , , ,Y, ,Y,Y, , ,Yes,AZ Highway Patrol Division, ,Yes,[MAY CONTAIN PERSONALLY IDENTIFIABLE INFORMATION], ,[MAY CONTAIN PERSONALLY IDENTIFIABLE INFORMATION], ,,Y,Yes, ,"The content of this report is unchanged from the initial report submitted on October [XXX], 2022 (30531-4108-1).
  
On October [XXX], 2022 at 1:35 PM PST a Waymo Autonomous Vehicle  (""Waymo AV"") Peterbilt Class 8 semi-truck and trailer, operating in Tempe, Arizona was in a collision involving a passenger vehicle on [XXX] near [XXX].
The Waymo AV was traveling in autonomous mode on southbound [XXX] and an SUV was traveling ahead of the Waymo AV in the right adjacent lane.  The SUV approached stopped traffic in its lane and struck a passenger vehicle.  The Waymo AV test driver then transitioned to manual mode.  The passenger vehicle that was struck by the SUV spun 90 degrees counterclockwise and was pushed partially into the Waymo AV's lane, making contact with the right side of the Waymo AV and trailer.  At the time of the impact, the Waymo AV's Level 4 ADS was not engaged and a test driver was operating the Waymo AV in manual mode.  The Waymo AV, trailer, and passenger vehicle sustained damage.
Transdev Alternative Services is reporting this crash under Request no. 1 of Standing General Order 2021-01 because an airbag deployed (in the passenger vehicle) and a vehicle involved was towed away.  Transdev may supplement or correct its reporting with additional information as it may become available.  This report is a duplicate of WaymoLLC-20221023-0 (rev.20221024203214).",
30270-4104,2,Waymo LLC,10-Day Update,,,NOV-2022,1XPBD49X9ND, ,N/A,Peterbilt,579 Epiq, ,2022, ,ecbf8e4637f763d,151927, ,In-Vehicle (Commercial / Test),5th Generation ADS, , ,, , ,, , ,, , ,,, , ,,,Yes,ADS,Waymo LLC, , ,Y, , , , , ,,OCT-2022, ,OCT-2022,13:35, ,17c618d238f493f,[MAY CONTAIN PERSONALLY IDENTIFIABLE INFORMATION], ,[MAY CONTAIN PERSONALLY IDENTIFIABLE INFORMATION], ,[MAY CONTAIN PERSONALLY IDENTIFIABLE INFORMATION], ,Tempe, ,AZ ,[MAY CONTAIN PERSONALLY IDENTIFIABLE INFORMATION], ,Highway / Freeway,Dry,No Unusual Conditions,65, ,Daylight,Y, , , , , , , ,,Passenger Car,No Injuries Reported,Yes,"Other, see Narrative",Yes,Unknown, , ,Y, , ,Y, , ,Y, , ,Proceeding Straight,No,Yes,Yes,59, , , , , , , ,Y,Y, , , , , ,Y, ,Y,Y, , ,Yes,AZ Highway Patrol Division, ,Yes,[MAY CONTAIN PERSONALLY IDENTIFIABLE INFORMATION], ,[MAY CONTAIN PERSONALLY IDENTIFIABLE INFORMATION], ,,Y,Yes, ,"The content of this report is unchanged from the initial report submitted on October [XXX], 2022 [REDACTED, MAY CONTAIN CONFIDENTIAL BUSINESS INFORMATION]. 
On October [XXX], 2022 at 1:35 PM PST a Waymo Autonomous Vehicle (""Waymo AV"") Peterbilt Class 8 semi-truck and trailer, operating in Tempe, Arizona was in a collision involving a passenger vehicle on [XXX] near [XXX].
The Waymo AV was traveling in autonomous mode on southbound [XXX] and an SUV was traveling ahead of the Waymo AV in the right adjacent lane. The SUV approached stopped traffic in its lane and struck a passenger vehicle. The Waymo AV test driver then transitioned to manual mode. The passenger vehicle that was struck by the SUV spun 90 degrees counterclockwise and was pushed partially into the Waymo AV's lane, making contact with the right side of the Waymo AV and trailer. At the time of the impact, the Waymo AV's Level 4 ADS was not engaged and a test driver was operating the Waymo AV in manual mode. The Waymo AV, trailer, and passenger vehicle sustained damage.
Waymo is reporting this crash under Request No. 1 of Standing General Order 2021-01 because an airbag deployed (in the passenger vehicle) and a vehicle involved was towed away. Waymo may supplement or correct its reporting with additional information as it may become available.",
30290-4128,1,Argo AI,Monthly,10,2022,OCT-2022,1FMCU0DZ3LU, ,N/A,Ford,Escape, ,2020, ,44e401161509e26,2277, ,In-Vehicle (Commercial / Test),"[REDACTED, MAY CONTAIN CONFIDENTIAL BUSINESS INFORMATION]", ,Y,, , ,, , ,, , ,,, , ,,,Yes,ADS,Argo AI, , , , ,Y,Y, , ,,OCT-2022, ,OCT-2022,08:00, ,04f2cedde6aabb4,[MAY CONTAIN PERSONALLY IDENTIFIABLE INFORMATION], ,[MAY CONTAIN PERSONALLY IDENTIFIABLE INFORMATION], ,[MAY CONTAIN PERSONALLY IDENTIFIABLE INFORMATION], ,Austin, ,TX ,[MAY CONTAIN PERSONALLY IDENTIFIABLE INFORMATION], ,Street,Dry,No Unusual Conditions,25, ,Daylight,Y, , , , , , , ,,Passenger Car,No Injuries Reported,Yes,Proceeding Straight,No,No, , , , , , , ,Y, , , ,Making Right Turn,No,No,Yes,0, ,Y, , , , , , , , , , , , , , ,Y,Y, , ,No,, ,Yes,, ,, ,, ,"[REDACTED, MAY CONTAIN CONFIDENTIAL BUSINESS INFORMATION]",Y,"An Argo AI Autonomous Vehicle (""Argo AV"") was impacted in the rear while traveling [REDACTED, MAY CONTAIN CONFIDENTIAL BUSINESS INFORMATION]. As the Argo AV was completing the turn, the vehicle directly behind the Argo AV continued straight, failed to provide sufficient clearance, and contacted the driver side corner of the rear bumper of the Argo AV. [REDACTED, MAY CONTAIN CONFIDENTIAL BUSINESS INFORMATION] 
""Other"" data availability: test vehicle data.",Y
30290-4127,1,Argo AI,Monthly,10,2022,OCT-2022,1FMCU0DZ3LU, ,N/A,Ford,Escape, ,2020, ,44e401161509e26,1912, ,In-Vehicle (Commercial / Test),"[REDACTED, MAY CONTAIN CONFIDENTIAL BUSINESS INFORMATION]", ,Y,, , ,, , ,, , ,,, , ,,,Yes,ADS,Argo AI, , , , ,Y,Y, , ,,OCT-2022, ,OCT-2022,13:14, ,f96aa95fcd96be5,[MAY CONTAIN PERSONALLY IDENTIFIABLE INFORMATION], ,[MAY CONTAIN PERSONALLY IDENTIFIABLE INFORMATION], ,[MAY CONTAIN PERSONALLY IDENTIFIABLE INFORMATION], ,Austin, ,TX ,[MAY CONTAIN PERSONALLY IDENTIFIABLE INFORMATION], ,Street,Dry,No Unusual Conditions,30, ,Daylight,Y, , , , , , , ,,Passenger Car,No Injuries Reported,Yes,Parked,No,No, ,Y, , , , , , , , , ,Proceeding Straight,No,No,Yes,11, , , , , , , , ,Y, , , , , , , ,Y,Y, , ,No,, ,Yes,, ,, ,, ,"[REDACTED, MAY CONTAIN CONFIDENTIAL BUSINESS INFORMATION]",Y,"An Argo AI Autonomous Vehicle (""Argo AV"") was traveling [REDACTED, MAY CONTAIN CONFIDENTIAL BUSINESS INFORMATION]. The Test Specialist determined that they would like to pull the vehicle over and transitioned the Argo AV out of Autonomous mode and into Manual mode.  While in Manual mode for 21 seconds, the Test Specialist made a right turn on Crest Ave, and, when passing a parked vehicle, the Argo AV contacted the driver-side mirror of the parked vehicle. [REDACTED, MAY CONTAIN CONFIDENTIAL BUSINESS INFORMATION] 
""Other"" data availability: test vehicle data.",Y
1422-4087,2,"Volvo Car USA, LLC",10-Day Update,,,OCT-2022,LPSED3KA9NL, ,N/A,Polestar,Polestar 2, ,2022, ,0c2f1d8b59e2117,9214, ,In-Vehicle (Commercial / Test),Pilot Assist, , ,, , ,, , ,, , ,,, , ,,,Yes,ADAS,Polestar, , , , ,Y, , , ,,OCT-2022, ,OCT-2022,08:23, ,49cddd631fa898b,,Y,,Y,[MAY CONTAIN PERSONALLY IDENTIFIABLE INFORMATION], ,,Y,FL ,,Y,Highway / Freeway,Dry,No Unusual Conditions,50, ,Daylight,Y, , , , , , , ,,Other Fixed Object,No Injuries Reported,Yes,,,, , , , , , , , , , , ,Proceeding Straight,No,Yes,Yes,55, , , , , , , ,Y, ,Y,Y, ,Y, , , , , , , ,No,, ,Yes,, ,, ,, ,"Unknown, see Narrative", ,"The initial submission was by email and electronic form to SGO Mailbox on 10/18/2022 at 10:09PM.  This is a resubmission of data using the SGO portal with Volvo Cars USA, LLC account on behalf of Polestar Automotive USA. Volvo Cars USA, LLC is submitting this report on behalf of Polestar Automotive USA and Polestar Performance AB.  The vehicle was a company vehicle (owned by Polestar Automotive USA) driven by a company employee, with no known modifications to the factory hardware condition or software updates or changes not released to the public. Subject vehicle was traveling around a curve on the freeway interchange at approximately 55mph, recommended speed in that portion of exchange was 50mph.  Driver looked down and took attention off the road.  The vehicle continued slightly straight, running up and grazing off the concrete barrier, before coming back into the lane.  The vehicle's rear suspension, rear and front wheel/tire were damaged. Vehicle was towed from the scene. We have recovered data from the vehicle and are currently reviewing what information was stored for the incident and will update this report.
10 Day update: After review of the EDR data the technical team was able to determine the following: Pilot Assist was disengaged due to the lateral acceleration exceeded the system limit and the available steering torque system input exceeding the limit.  The vehicle could not steer enough to follow the lane. Several warnings were issued: visually in the DIM (Drivers Information Module, display), haptically in the steering wheel, before Pilot Assist was disengaged. The driver is always responsible for ensuring that the vehicle is driven in a safe manner. The driver failed to take control of the vehicle when the vehicles Pilot Assist gave the warnings.",