Report ID,Report Version,Reporting Entity,Report Type,Report Month,Report Year,Report Submission Date,VIN,VIN - Unknown,Serial Number,Make,Model,Model - Unknown,Model Year,Model Year - Unknown,Same Vehicle ID,Mileage,Mileage - Unknown,Driver / Operator Type,ADAS/ADS System Version,ADAS/ADS System Version - Unk,ADAS/ADS System Version CBI,ADAS/ADS Hardware Version,ADAS/ADS Hardware Version - Unk,ADAS/ADS Hardware Version CBI,ADAS/ADS Software Version,ADAS/ADS Software Version - Unk,ADAS/ADS Software Version CBI,Other Reporting Entities?,Other Reporting Entities? - Unk,Other Reporting Entities? - NA,Federal Regulatory Exemption?,Other Federal Reg. Exemption,Federal Reg. Exemption - Unk,Federal Reg. Exemption - No,State or Local Permit?,State or Local Permit,ADS Equipped?,Automation System Engaged?,Operating Entity,Operating Entity - Unknown,Source - Complaint/Claim,Source - Telematics,Source - Law Enforcement,Source - Field Report,Source - Testing,Source - Media,Source - Other,Source - Other Text,Incident Date,Incident Date - Unknown,Notice Received Date,Incident Time (24:00),Incident Time - Unknown,Same Incident ID,Latitude,Latitude - Unknown,Longitude,Longitude - Unknown,Address,Address - Unknown,City,City - Unknown,State,Zip Code,Zip Code - Unknown,Roadway Type,Roadway Surface,Roadway Description,Posted Speed Limit (MPH),Posted Speed Limit - Unknown,Lighting,Weather - Clear,Weather - Snow,Weather - Cloudy,Weather - Fog/Smoke,Weather - Rain,Weather - Severe Wind,Weather - Unknown,Weather - Other,Weather - Other Text,Crash With,Highest Injury Severity Alleged,Property Damage?,CP Pre-Crash Movement,CP Any Air Bags Deployed?,CP Was Vehicle Towed?,CP Contact Area - Rear Left,CP Contact Area - Left,CP Contact Area - Front Left,CP Contact Area - Rear,CP Contact Area - Top,CP Contact Area - Front,CP Contact Area - Rear Right,CP Contact Area - Right,CP Contact Area - Front Right,CP Contact Area - Bottom,CP Contact Area - Unknown,SV Pre-Crash Movement,SV Any Air Bags Deployed?,SV Was Vehicle Towed?,SV Were All Passengers Belted?,SV Precrash Speed (MPH),SV Pre-crash Speed - Unknown,SV Contact Area - Rear Left,SV Contact Area - Left,SV Contact Area - Front Left,SV Contact Area - Rear,SV Contact Area - Top,SV Contact Area - Front,SV Contact Area - Rear Right,SV Contact Area - Right,SV Contact Area - Front Right,SV Contact Area - Bottom,SV Contact Area - Unknown,Data Availability - EDR,Data Availability - Police Rpt,Data Availability - Telematics,Data Availability - Complaints,Data Availability - Video,Data Availability - Other,Data Availability - No Data,Data Availability - Unknown,Law Enforcement Investigating?,Investigating Agency,Investigating Agency - Unknown,Rep Ent Or Mfr Investigating?,Investigating Officer Name,Inv. Officer Name - Unknown,Investigating Officer Phone,Inv. Officer Phone - Unknown,Investigating Officer Email,Inv. Officer Email - Unknown,Within ODD?,Within ODD? - CBI,Narrative,Narrative - CBI?
540-3123,1,"General Motors, LLC",Monthly,5,2022,JUN-2022,5G21A6P03L4, ,N/A,Cruise,AV, ,2020, ,c8b988b72ff1d9f,32821, ,In-Vehicle and Remote (Commercial / Test),,Y, ,, , ,, , ,, , ,,, , ,,,Yes,ADS,Cruise LLC, , ,Y, ,Y,Y, , ,,MAY-2022, ,MAY-2022,4:37, ,6b298fec78911d4,[MAY CONTAIN PERSONALLY IDENTIFIABLE INFORMATION], ,[MAY CONTAIN PERSONALLY IDENTIFIABLE INFORMATION], ,[MAY CONTAIN PERSONALLY IDENTIFIABLE INFORMATION], ,San Francisco, ,CA ,[MAY CONTAIN PERSONALLY IDENTIFIABLE INFORMATION], ,Intersection,Dry,No Unusual Conditions,25, ,Dark - Lighted,Y, , , , , , , ,,Passenger Car,Minor,Yes,Proceeding Straight,No,No, , ,Y, , ,Y, , , , , ,Stopped,No,No,Yes,0, , , , ,Y, , ,Y, , , , ,Y, ,Y, ,Y,Y, , ,No,, ,Yes,, ,, ,, ,"Unknown, see Narrative", ,"On June [XXX], 2022, GM Cruise Holdings LLC (""Cruise"") filed an Incident Report (the ""Report"") under the Standing General Order 2021-01 dated June 29, 2021 (the ""Order"").General Motors LLC (GM) manufactured the Cruise-operated motor vehicle involved in the incident summarized in the Incident Report. Because GM is also a Reporting Entity under the Order, GM is submitting a duplicate of the redacted public copy of the Report. GM has selected ""Unknown"" in the ""ADS version"" and ""ODD time"" fields solely to avoid a second submission of nonpublic Cruise CBI GM is in possession of Cruise's responses to these fields, and incorporates Cruise's responses into this submission by reference. GM's submission is based on facts supplied to GM by Cruise. GM has not investigated the alleged incident and currently believes, based on a reasonable inquiry, that it has no independent knowledge of the facts in the Report. (Reference file: 30412-3073-1)",
30412-2476,2,Cruise LLC,Update,5,2022,JUN-2022,5G21A6P05L4, ,N/A,Cruise,AV, ,2020, ,4ede896caa0dd6e,32234, ,Remote (Commercial / Test),"[REDACTED, MAY CONTAIN CONFIDENTIAL BUSINESS INFORMATION]", ,Y,, , ,, , ,, , ,,, , ,,,Yes,ADS,Cruise LLC, , ,Y, , , , , ,,FEB-2022, ,FEB-2022,00:48, ,027edaee5964dad,[MAY CONTAIN PERSONALLY IDENTIFIABLE INFORMATION], ,[MAY CONTAIN PERSONALLY IDENTIFIABLE INFORMATION], ,[MAY CONTAIN PERSONALLY IDENTIFIABLE INFORMATION], ,San Francisco, ,CA ,[MAY CONTAIN PERSONALLY IDENTIFIABLE INFORMATION], ,Intersection,Dry,No Unusual Conditions,25, ,Dark - Lighted,Y, , , , , , , ,,Passenger Car,No Injuries Reported,Yes,Making Left Turn,No,No, ,Y,Y, , , , , , , , ,Proceeding Straight,No,No,No Passengers in Vehicle,13, , , , , , ,Y, , ,Y, , ,Y,Y,Y, ,Y,Y, , ,Yes,San Francisco Police Department, ,Yes,[MAY CONTAIN PERSONALLY IDENTIFIABLE INFORMATION], ,,Y,,Y,"[REDACTED, MAY CONTAIN CONFIDENTIAL BUSINESS INFORMATION]",Y,"This report is an update to 30412-2476-1. Cruise received a report from the San Francisco Police Department on May [XXX], 2022. A Cruise autonomous vehicle (""Cruise AV""), operating in driverless autonomous mode, was at a complete stop in response to a red light on southbound [XXX] at the intersection with [XXX]. At the intersection, an Acura Sedan was stopped in front of the Cruise AV in the left southbound lane. To the right of the Cruise AV, was a BMW Sedan in the right southbound lane. In response to the green light, the Acura Sedan made a signaled left turn onto [XXX] as the BMW Sedan stayed parallel to the Cruise AV. As the Cruise AV entered the intersection, the BMW Sedan made a prohibited left turn from the right southbound lane on [XXX] with no turn signal. The Cruise AV braked and, shortly thereafter, the BMW Sedan made contact with the Cruise AV, damaging the front right bumper of the Cruise AV. The driver of the BMW Sedan left the scene without exchanging information. There were no injuries and Cruise filed a police report on February [XXX], 2022. [REDACTED CONFIDENTIAL BUSINESS INFORMATION]",Y
30412-3073,1,Cruise LLC,Monthly,5,2022,JUN-2022,5G21A6P03L4, ,N/A,Cruise,AV, ,2020, ,c8b988b72ff1d9f,32821, ,In-Vehicle and Remote (Commercial / Test),"[REDACTED, MAY CONTAIN CONFIDENTIAL BUSINESS INFORMATION]", ,Y,, , ,, , ,, , ,,, , ,,,Yes,ADS,Cruise LLC, , ,Y, ,Y,Y, , ,,MAY-2022, ,MAY-2022,4:37, ,6b298fec78911d4,[MAY CONTAIN PERSONALLY IDENTIFIABLE INFORMATION], ,[MAY CONTAIN PERSONALLY IDENTIFIABLE INFORMATION], ,[MAY CONTAIN PERSONALLY IDENTIFIABLE INFORMATION], ,San Francisco, ,CA ,[MAY CONTAIN PERSONALLY IDENTIFIABLE INFORMATION], ,Intersection,Dry,No Unusual Conditions,25, ,Dark - Lighted,Y, , , , , , , ,,Passenger Car,Minor,Yes,Proceeding Straight,No,No, , ,Y, , ,Y, , , , , ,Stopped,No,No,Yes,0, , , , ,Y, , ,Y, , , , ,Y, ,Y, ,Y,Y, , ,No,, ,Yes,, ,, ,, ,"[REDACTED, MAY CONTAIN CONFIDENTIAL BUSINESS INFORMATION]",Y,"A Cruise autonomous vehicle (""Cruise AV""), operating in supervised autonomous mode, was at a complete stop in response to a red light on westbound [XXX] at the intersection with [XXX]. A black BMW approaching from the rear made contact with the Cruise AV's rear bumper, damaging the Cruise AV's rear bumper. The driver of the other vehicle left the scene without exchanging information. The two Cruise AV operators in the Cruise AV later reported back injuries. Police were not called. [REDACTED, MAY CONTAIN CONFIDENTIAL BUSINESS INFORMATION]",Y
30270-3057,2,Waymo LLC,10-Day Update,,,JUN-2022,SADHW2S15M1, ,N/A,Jaguar,I-Pace, ,2021, ,c690f79b5f85c4b,32794, ,In-Vehicle (Commercial / Test),5th Generation ADS, , ,, , ,, , ,, , ,,, , ,,,Yes,ADS,Waymo LLC, , ,Y, , , , , ,,MAY-2022, ,MAY-2022,02:30, ,387240601466c07,[MAY CONTAIN PERSONALLY IDENTIFIABLE INFORMATION], ,[MAY CONTAIN PERSONALLY IDENTIFIABLE INFORMATION], ,[MAY CONTAIN PERSONALLY IDENTIFIABLE INFORMATION], ,Phoenix, ,AZ ,[MAY CONTAIN PERSONALLY IDENTIFIABLE INFORMATION], ,Intersection,Dry,No Unusual Conditions,35, ,Dark - Lighted,Y, , , , , , , ,,Passenger Car,Unknown,Yes,Proceeding Straight,Yes,Yes, ,Y,Y, , ,Y, , ,Y, , ,Stopped,No,Yes,Yes,0, ,Y,Y, ,Y, , , , , , , , , ,Y, ,Y,Y, , ,Yes,Phoenix Police Department, ,Yes,[MAY CONTAIN PERSONALLY IDENTIFIABLE INFORMATION], ,,Y,,Y,Yes, ,"The content of this report is unchanged from the initial report submitted on May [XXX], 2022 [Report ID # 30270-3057-1].
On May [XXX], 2022 at 2:30 AM PST a Waymo Autonomous Vehicle (""Waymo AV"") operating in Phoenix, Arizona was in a collision involving a passenger vehicle on [XXX] at the [XXX] onramp.
While the Waymo AV was stopped at a red light on southbound [XXX] in the rightmost through lane, a passenger vehicle approached the Waymo AV from behind and the right front of the passenger vehicle made contact with the left rear of the Waymo AV. At the time of the impact, the Waymo AV's Level 4 ADS was engaged in autonomous mode and a test driver was present (in the driver's seating position). Both vehicles sustained major damage. The driver of the other vehicle was transported from the scene to a hospital for medical treatment.
Waymo is reporting this crash under Request No. 1 of Standing General Order 2021-01 because a vehicle involved was towed away, the crash resulted in airbag deployment, and the driver of the other vehicle was transported from the scene to a hospital for medical treatment. Waymo may supplement or correct its reporting with additional information as it may become available. This report was submitted from the Pacific time zone on the required date.",
30531-3064,2,Transdev Alternative Services,10-Day Update,,,JUN-2022,SADHW2S10M1, ,N/A,Jaguar,I-Pace, ,2021, ,783ba56d2d747d1,16836, ,In-Vehicle (Commercial / Test),,Y, ,, , ,, , ,, , ,,, , ,,,Yes,"Unknown, see Narrative",Waymo LLC, , ,Y, , , , , ,,MAY-2022, ,MAY-2022,01:16, ,237da70b740eca7,[MAY CONTAIN PERSONALLY IDENTIFIABLE INFORMATION], ,[MAY CONTAIN PERSONALLY IDENTIFIABLE INFORMATION], ,[MAY CONTAIN PERSONALLY IDENTIFIABLE INFORMATION], ,San Francisco, ,CA ,[MAY CONTAIN PERSONALLY IDENTIFIABLE INFORMATION], ,Intersection,Dry,No Unusual Conditions,25, ,Dark - Lighted,Y, , , , , , , ,,Motorcycle,No Injuries Reported,Yes,Proceeding Straight,No,No, , ,Y, , ,Y, , ,Y, , ,Stopped,No,No,Yes,0, ,Y, , , , , , , , , , , , ,Y, ,Y,Y, , ,No,, ,Yes,, ,, ,, ,Yes, ,"Aside from a typo in the location address, this report is unchanged from the previously submitted report (Report ID#: 30531-3064-1)
On May [XXX], 2022 at 1:16AM PST a Waymo Autonomous Vehicle (""Waymo AV"") operating in San Francisco, California was in a collision involving a motorcycle on [XXX] at [XXX].
While the Waymo AV was stopped at a red light on eastbound [XXX] in the rightmost lane, a motorcycle approached the Waymo AV from behind and the front of the motorcycle made contact with the rear of the Waymo AV.
At the time of impact, the Waymo AV's Level 4 ADS was engaged in autonomous mode, and a test driver was present (in the driver's seating position). Both vehicles sustained minor damage.
Transdev Alternative Services is reporting this crash under Request No. 1 of Standing General Order 2021-01 because a motorcyclist was involved.  Transdev may supplement or correct its reporting with additional information as it may become available.  This report is a duplicate of WaymoLLC-202205[XXX]-0 (rev.202205[XXX]215904).",
30531-3065,2,Transdev Alternative Services,10-Day Update,,,JUN-2022,SADHW2S10M1, ,N/A,Jaguar,I-Pace, ,2021, ,4d3dc5f194fb109,30050, ,In-Vehicle (Commercial / Test),,Y, ,, , ,, , ,, , ,,, , ,,,Yes,"Unknown, see Narrative",Waymo LLC, , ,Y, , , , , ,,MAY-2022, ,MAY-2022,01:43, ,a4f3fd3c322db7a,[MAY CONTAIN PERSONALLY IDENTIFIABLE INFORMATION], ,[MAY CONTAIN PERSONALLY IDENTIFIABLE INFORMATION], ,[MAY CONTAIN PERSONALLY IDENTIFIABLE INFORMATION], ,Phoenix, ,AZ ,[MAY CONTAIN PERSONALLY IDENTIFIABLE INFORMATION], ,Parking Lot,Dry,No Unusual Conditions,25, ,Dark - Lighted,Y, , , , , , , ,,"Other, see Narrative",No Injuries Reported,Yes,"Other, see Narrative",Not Applicable,Not Applicable, , , , , , , , , , ,Y,Making Left Turn,No,Yes,Yes,9, , , , , , , , , , ,Y, , , ,Y, ,Y,Y, , ,No,, ,Yes,, ,, ,, ,Yes, ,"The content of this report is unchanged from the previously submitted report (Report ID#: 30531-3065-1)
On May [XXX], 2022 at 1:43AM PST a Waymo Autonomous Vehicle (""Waymo AV"") operating in Phoenix, Arizona made contact with a parking lot driveway on the 700 block of [XXX].
The Waymo AV was traveling westbound on [XXX] in autonomous mode when it approached a parking lot on the left side of the street.  As the Waymo AV turned left and into the parking lot, the Waymo AV's undercarriage made contact with the driveway pavement (the AVE did not contact any vehicle or road user).  At the time of contact, the Waymo AV's Level 4 ADS was engaged in autonomous mode, and a test driver was present (in the driver's seating position).  The Waymo AV sustained minor undercarriage damage.
Transdev Alternative Services is reporting this crash under Request No. 1 of Standing General Order 2021-01 because the Waymo AV was towed away.  Transdev may supplement or correct its reporting with additional information as it may become available.  This report is a duplicate of WaymoLLC-202205[XXX]-0 (rev.202205[XXX]213041).",
30270-3056,2,Waymo LLC,10-Day Update,,,JUN-2022,SADHW2S10M1, ,N/A,Jaguar,I-Pace, ,2021, ,4d3dc5f194fb109,30050, ,In-Vehicle (Commercial / Test),5th Generation ADS, , ,, , ,, , ,, , ,,, , ,,,Yes,ADS,Waymo LLC, , ,Y, , , , , ,,MAY-2022, ,MAY-2022,01:43, ,a4f3fd3c322db7a,[MAY CONTAIN PERSONALLY IDENTIFIABLE INFORMATION], ,[MAY CONTAIN PERSONALLY IDENTIFIABLE INFORMATION], ,[MAY CONTAIN PERSONALLY IDENTIFIABLE INFORMATION], ,Phoenix, ,AZ ,[MAY CONTAIN PERSONALLY IDENTIFIABLE INFORMATION], ,Parking Lot,Dry,No Unusual Conditions,25, ,Dark - Lighted,Y, , , , , , , ,,"Other, see Narrative",No Injuries Reported,Yes,"Other, see Narrative",Not Applicable,Not Applicable, , , , ,Y, , , , , , ,Making Left Turn,No,Yes,Yes,9, , , , , , , , , , ,Y, , , ,Y, ,Y,Y, , ,No,, ,Yes,, ,, ,, ,Yes, ,"The content of this report is unchanged from the initial report submitted on May [XXX], 2022 [REDACTED, MAY CONTAIN CONFIDENTIAL BUSINESS INFORMATION]. 
On May [XXX], 2022 at 1:43AM PST a Waymo Autonomous Vehicle (Waymo AV) operating in Phoenix, Arizona made contact with a parking lot driveway on the 700 block of [XXX]. 
The Waymo AV was traveling westbound on [XXX] in autonomous mode when it approached a parking lot on the left side of the street. As the Waymo AV turned left and into the parking lot, the Waymo AVs undercarriage made contact with the driveway pavement (the AV did not contact any vehicle or road user). At the time of the contact, the Waymo AVs Level 4 ADS was engaged in autonomous mode, and a test driver was present (in the drivers seating position). The Waymo AV sustained minor undercarriage damage.
Waymo is reporting this crash under Request No. 1 of Standing General Order 2021-01 because the Waymo AV was towed away. Waymo may supplement or correct its reporting with additional information as it may become available. This report was submitted from the Pacific time zone on the required date.",
30270-3055,2,Waymo LLC,10-Day Update,,,JUN-2022,SADHW2S10M1, ,N/A,Jaguar,I-PACE, ,2021, ,783ba56d2d747d1,16836, ,In-Vehicle (Commercial / Test),5th Generation ADS, , ,, , ,, , ,, , ,,, , ,,,Yes,ADS,Waymo LLC, , ,Y, , , , , ,,MAY-2022, ,MAY-2022,01:16, ,237da70b740eca7,[MAY CONTAIN PERSONALLY IDENTIFIABLE INFORMATION], ,[MAY CONTAIN PERSONALLY IDENTIFIABLE INFORMATION], ,[MAY CONTAIN PERSONALLY IDENTIFIABLE INFORMATION], ,San Francisco, ,CA ,[MAY CONTAIN PERSONALLY IDENTIFIABLE INFORMATION], ,Intersection,Dry,No Unusual Conditions,25, ,Dark - Lighted,Y, , , , , , , ,,Motorcycle,No Injuries Reported,Yes,Proceeding Straight,No,No, , ,Y, , ,Y, , ,Y, , ,Stopped,No,No,Yes,0, ,Y, , , , , , , , , , , , ,Y, ,Y,Y, , ,No,, ,Yes,, ,, ,, ,Yes, ,"The content of this report is unchanged from the initial report submitted on May [XXX], 2022 [REDACTED, MAY CONTAIN CONFIDENTIAL BUSINESS INFORMATION]. 
On May [XXX], 2022 at 1:16AM PST a Waymo Autonomous Vehicle (Waymo AV) operating in San Francisco, California was in a collision involving a motorcycle on [XXX] at [XXX].
While the Waymo AV was stopped at a red light on eastbound [XXX] in the rightmost lane, a motorcycle approached the Waymo AV from behind and the front of the motorcycle made contact with the rear of the Waymo AV. At the time of the impact, the Waymo AVs Level 4 ADS was engaged in autonomous mode, and a test driver was present (in the drivers seating position). Both vehicles sustained minor damage.
Waymo is reporting this crash under Request No. 1 of Standing General Order 2021-01 because a motorcyclist was involved. Waymo may supplement or correct its reporting with additional information as it may become available. This report was submitted from the Pacific time zone on the required date.",
30531-2902,2,Transdev Alternative Services,10-Day Update,,,MAY-2022,1XPBD49X6ND, ,N/A,Peterbilt,579 Epiq, ,2022, ,c59cc1317356bf4,58117, ,In-Vehicle (Commercial / Test),,Y, ,, , ,, , ,, , ,,, , ,,,Yes,ADS,Waymo LLC, , ,Y, , , , , ,,MAY-2022, ,MAY-2022,15:11, ,469cd8d228115fc,[MAY CONTAIN PERSONALLY IDENTIFIABLE INFORMATION], ,[MAY CONTAIN PERSONALLY IDENTIFIABLE INFORMATION], ,[MAY CONTAIN PERSONALLY IDENTIFIABLE INFORMATION], ,Ennis, ,TX ,[MAY CONTAIN PERSONALLY IDENTIFIABLE INFORMATION], ,Highway / Freeway,Dry,No Unusual Conditions,65, ,Daylight,Y, , , , , , , ,,Heavy Truck,Moderate,Yes,Changing Lanes,No,No, , , , , , ,Y, , , , ,Proceeding Straight,No,Yes,Yes,62, , , ,Y, , , , , , , , , , ,Y, ,Y,Y, , ,Yes,Ennis Police Department, ,Yes,[MAY CONTAIN PERSONALLY IDENTIFIABLE INFORMATION], ,[MAY CONTAIN PERSONALLY IDENTIFIABLE INFORMATION], ,[MAY CONTAIN PERSONALLY IDENTIFIABLE INFORMATION], ,"Unknown, see Narrative", ,"Other than noting that the vehicle that struck the Waymo AV had encountered tire debris in its lane, the content of this report is unchanged from the initial report submitted on May [XXX], 2022 [Report ID # 30531-[XXX]-1]
On May [XXX], 2022 at 3:11 PM PST a Waymo Autonomous Vehicle (Waymo AV) Peterbilt Class 8 semi-truck and trailer, operating in Ennis, Texas was in a collision involving a Class 8 semi-truck and trailer on northbound [XXX] near [XXX]. 
The Waymo AV was traveling in autonomous mode in the rightmost lane on Interstate [XXX] when a Class 8 semi-truck and trailer began to pass it in the adjacent left lane. Before the adjacent Class 8 semi-truck and trailer had fully passed the Waymo AV, it executed a right lane change and its trailer (the right side, rear section) entered the lane in which the Waymo AV was traveling and made contact with the driver side of the Waymo AV cab. The Waymo AV transitioned to manual mode and the test driver took control. The Waymo AV exited the roadway to the right shoulder of the road and came to a stop off of the roadway. At the time of the impact, the Waymo AV's ADS was engaged in autonomous mode, and a test driver was present (in the driver's seating position). The Waymo AV sustained moderate damage and the third-party Class 8 semi-truck and trailer did not stop to exchange information. The Waymo AV test driver was transported for medical care and the Waymo AV software operator, seated in the passenger seat, later sought medical attention. 
Transdev Alternative Services is reporting this crash under Request No. 1 of Standing General Order 2021-01 because an individual involved in the crash was transported from the scene to a hospital for medical treatment and a vehicle involved was towed away. Transdev may supplement or correct its reporting with additional information as it may become available. 
This report is identical to WaymoLLC-202205[XXX]-0 (rev.202205[XXX]603622)",
30270-2895,2,Waymo LLC,10-Day Update,,,MAY-2022,1XPBD49X6ND, ,N/A,Peterbilt,579 Epiq, ,2022, ,c59cc1317356bf4,58117, ,In-Vehicle (Commercial / Test),5th Generation ADS, , ,, , ,, , ,, , ,,, , ,,,Yes,ADS,Waymo LLC, , ,Y, , , , , ,,MAY-2022, ,MAY-2022,15:11, ,469cd8d228115fc,[MAY CONTAIN PERSONALLY IDENTIFIABLE INFORMATION], ,[MAY CONTAIN PERSONALLY IDENTIFIABLE INFORMATION], ,[MAY CONTAIN PERSONALLY IDENTIFIABLE INFORMATION], ,Ennis, ,TX ,[MAY CONTAIN PERSONALLY IDENTIFIABLE INFORMATION], ,Highway / Freeway,Dry,No Unusual Conditions,65, ,Daylight,Y, , , , , , , ,,Heavy Truck,Moderate,Yes,Changing Lanes,No,No, , , , , , ,Y, , , , ,Proceeding Straight,No,Yes,Yes,62, , , ,Y, , , , , , , , , , ,Y, ,Y,Y, , ,Yes,Ennis Police Department, ,Yes,[MAY CONTAIN PERSONALLY IDENTIFIABLE INFORMATION], ,[MAY CONTAIN PERSONALLY IDENTIFIABLE INFORMATION], ,[MAY CONTAIN PERSONALLY IDENTIFIABLE INFORMATION], ,Yes, ,"Other than noting that the vehicle that struck the Waymo AV had encountered tire debris in its lane, the content of this report is unchanged from the initial report submitted on May [XXX], 2022 [Report ID # 30270-[XXX]-1]. 
On May [XXX], 2022 at 3:11 PM PST a Waymo Autonomous Vehicle (Waymo AV) Peterbilt Class 8 semi-truck and trailer, operating in Ennis, Texas was in a collision involving a Class 8 semi-truck and trailer on northbound Interstate [XXX] near [XXX]. 
The Waymo AV was traveling in autonomous mode in the rightmost lane on Interstate [XXX] when a Class 8 semi-truck and trailer began to pass it in the adjacent left lane. Before the adjacent Class 8 semi-truck and trailer had fully passed the Waymo AV, it encountered tire debris in its lane, executed a right lane change, and its trailer (the right side, rear section) entered the lane in which the Waymo AV was traveling and made contact with the driver side of the Waymo AV cab. The Waymo AV transitioned to manual mode and the test driver took control. The Waymo AV exited the roadway to the right shoulder of the road and came to a stop off of the roadway. At the time of the impact, the Waymo AV's ADS was engaged in autonomous mode, and a test driver was present (in the driver's seating position). The Waymo AV sustained moderate damage and the third-party Class 8 semi-truck and trailer did not stop to exchange information. The Waymo AV test driver was transported for medical care and the Waymo AV software operator, seated in the passenger seat, later sought medical attention. 
Waymo is reporting this crash under Request No. 1 of Standing General Order 2021-01 because an individual involved in the crash was transported from the scene to a hospital for medical treatment and a vehicle involved was towed away. Waymo may supplement or correct its reporting with additional information as it may become available. This report was submitted from the Pacific time zone on the required date.",
30270-3011,1,Waymo LLC,Monthly,4,2022,MAY-2022,SADHW2S19M1, ,N/A,Jaguar,I-Pace, ,2021, ,778fffc33261129,27380, ,In-Vehicle (Commercial / Test),5th Generation ADS, , ,, , ,, , ,, , ,,, , ,,,Yes,ADS,Waymo LLC, , ,Y, , , , , ,,APR-2022, ,APR-2022,06:37, ,0154ad8a3896f31,[MAY CONTAIN PERSONALLY IDENTIFIABLE INFORMATION], ,[MAY CONTAIN PERSONALLY IDENTIFIABLE INFORMATION], ,[MAY CONTAIN PERSONALLY IDENTIFIABLE INFORMATION], ,San Francisco, ,CA ,[MAY CONTAIN PERSONALLY IDENTIFIABLE INFORMATION], ,Street,Dry,No Unusual Conditions,25, ,Daylight,Y, , , , , , , ,,Pickup Truck,No Injuries Reported,Yes,Entering Traffic,No,No, , , , , , , , ,Y, , ,Proceeding Straight,No,No,Yes,17, , , ,Y, , , , , , , , , , ,Y, ,Y,Y, , ,No,, ,Yes,, ,, ,, ,Yes, ,"On April [XXX], 2022 at 6:37 AM PST a Waymo Autonomous Vehicle ('Waymo AV') operating in San Francisco, California was in a collision involving a pickup truck on [XXX] at [XXX].
The Waymo AV was proceeding straight in manual in the left lane of [XXX] (a one-way street). After passing through the [XXX] intersection, a parked pickup truck on the left side of [XXX] pulled out of the parked position and made contact with the front left fender of the passing Waymo AV. At the time of the impact, the Waymo AV's Level 4 ADS was not engaged and a test driver was operating the Waymo AV in manual mode. Both vehicles sustained minor damage.
Waymo is reporting this crash under Request No. 2 of Standing General Order 2021-01. Waymo may supplement or correct its reporting with additional information as it may become available. This report was submitted from the Pacific time zone on the required date.",