Report ID,Report Version,Reporting Entity,Report Type,Report Month,Report Year,Report Submission Date,VIN,VIN - Unknown,Serial Number,Make,Model,Model - Unknown,Model Year,Model Year - Unknown,Same Vehicle ID,Mileage,Mileage - Unknown,Driver / Operator Type,ADAS/ADS System Version,ADAS/ADS System Version - Unk,ADAS/ADS System Version CBI,ADAS/ADS Hardware Version,ADAS/ADS Hardware Version - Unk,ADAS/ADS Hardware Version CBI,ADAS/ADS Software Version,ADAS/ADS Software Version - Unk,ADAS/ADS Software Version CBI,Other Reporting Entities?,Other Reporting Entities? - Unk,Other Reporting Entities? - NA,Federal Regulatory Exemption?,Other Federal Reg. Exemption,Federal Reg. Exemption - Unk,Federal Reg. Exemption - No,State or Local Permit?,State or Local Permit,ADS Equipped?,Automation System Engaged?,Operating Entity,Operating Entity - Unknown,Source - Complaint/Claim,Source - Telematics,Source - Law Enforcement,Source - Field Report,Source - Testing,Source - Media,Source - Other,Source - Other Text,Incident Date,Incident Date - Unknown,Notice Received Date,Incident Time (24:00),Incident Time - Unknown,Same Incident ID,Latitude,Latitude - Unknown,Longitude,Longitude - Unknown,Address,Address - Unknown,City,City - Unknown,State,Zip Code,Zip Code - Unknown,Roadway Type,Roadway Surface,Roadway Description,Posted Speed Limit (MPH),Posted Speed Limit - Unknown,Lighting,Weather - Clear,Weather - Snow,Weather - Cloudy,Weather - Fog/Smoke,Weather - Rain,Weather - Severe Wind,Weather - Unknown,Weather - Other,Weather - Other Text,Crash With,Highest Injury Severity Alleged,Property Damage?,CP Pre-Crash Movement,CP Any Air Bags Deployed?,CP Was Vehicle Towed?,CP Contact Area - Rear Left,CP Contact Area - Left,CP Contact Area - Front Left,CP Contact Area - Rear,CP Contact Area - Top,CP Contact Area - Front,CP Contact Area - Rear Right,CP Contact Area - Right,CP Contact Area - Front Right,CP Contact Area - Bottom,CP Contact Area - Unknown,SV Pre-Crash Movement,SV Any Air Bags Deployed?,SV Was Vehicle Towed?,SV Were All Passengers Belted?,SV Precrash Speed (MPH),SV Pre-crash Speed - Unknown,SV Contact Area - Rear Left,SV Contact Area - Left,SV Contact Area - Front Left,SV Contact Area - Rear,SV Contact Area - Top,SV Contact Area - Front,SV Contact Area - Rear Right,SV Contact Area - Right,SV Contact Area - Front Right,SV Contact Area - Bottom,SV Contact Area - Unknown,Data Availability - EDR,Data Availability - Police Rpt,Data Availability - Telematics,Data Availability - Complaints,Data Availability - Video,Data Availability - Other,Data Availability - No Data,Data Availability - Unknown,Law Enforcement Investigating?,Investigating Agency,Investigating Agency - Unknown,Rep Ent Or Mfr Investigating?,Investigating Officer Name,Inv. Officer Name - Unknown,Investigating Officer Phone,Inv. Officer Phone - Unknown,Investigating Officer Email,Inv. Officer Email - Unknown,Within ODD?,Within ODD? - CBI,Narrative,Narrative - CBI?
30610-2584,2,"Zoox, Inc.",10-Day Update,,,APR-2022,5TDDCRFH5GS, ,N/A,Toyota,Highlander, ,2016, ,1ccf97db22289e8,72592, ,In-Vehicle (Commercial / Test),62.22.03.22, , ,, , ,, , ,, , ,,, , ,,,Yes,ADS,Zoox, , , , , ,Y, , ,,MAR-2022, ,MAR-2022,15:00, ,50de63f80743bbd,[MAY CONTAIN PERSONALLY IDENTIFIABLE INFORMATION], ,[MAY CONTAIN PERSONALLY IDENTIFIABLE INFORMATION], ,[MAY CONTAIN PERSONALLY IDENTIFIABLE INFORMATION], ,San Francisco, ,CA ,[MAY CONTAIN PERSONALLY IDENTIFIABLE INFORMATION], ,Intersection,Dry,No Unusual Conditions,15, ,Daylight,Y, , , , , , , ,,Non-Motorist: Other,Minor,Unknown,Proceeding Straight,,, , , , , , , , , , , ,Proceeding Straight,No,No,Yes,2, , , , , , , ,Y, , , , ,Y, ,Y, ,Y, , , ,No,, ,No,, ,, ,, ,Yes, ,"A Zoox vehicle in manual mode was proceeding with the right of way through a four-way stop, when a person operating an electric scooter failed to stop at the stop sign and proceeded into the intersection from the right and made contact with the rear corner of the Zoox vehicle at low speed. Police were not called. The Zoox vehicle was in autonomy in the 30 second period prior to contact.",
502-2479,2,Ford Motor Company,10-Day Update,,,MAR-2022,1FMCU0DZ5LU, ,N/A,Ford,Escape, ,2020, ,1a89dae466c3bdd,2562, ,In-Vehicle (Commercial / Test),"[REDACTED, MAY CONTAIN CONFIDENTIAL BUSINESS INFORMATION]", ,Y,, , ,, , ,, , ,,, , ,,,Yes,ADS,Argo AI, , , , ,Y,Y, , ,,MAR-2022, ,MAR-2022,12:39, ,1d63fe48b844c16,[MAY CONTAIN PERSONALLY IDENTIFIABLE INFORMATION], ,[MAY CONTAIN PERSONALLY IDENTIFIABLE INFORMATION], ,[MAY CONTAIN PERSONALLY IDENTIFIABLE INFORMATION], ,Coral Gables, ,FL ,[MAY CONTAIN PERSONALLY IDENTIFIABLE INFORMATION], ,Traffic Circle,Dry,No Unusual Conditions,30, ,Daylight,Y, , , , , , , ,,SUV,Moderate,Yes,Proceeding Straight,No,No, , , , , ,Y, , , , , ,Stopped,No,No,Yes,0, , , , ,Y, , , , , , , , ,Y, , ,Y,Y, , ,Yes,Coral Gables Police Department, ,Yes,[MAY CONTAIN PERSONALLY IDENTIFIABLE INFORMATION], ,,Y,,Y,"[REDACTED, MAY CONTAIN CONFIDENTIAL BUSINESS INFORMATION]",Y,"[REDACTED, MAY CONTAIN CONFIDENTIAL BUSINESS INFORMATION]",Y
855-2464,2,"Mercedes-Benz USA, LLC",10-Day Update,,,MAR-2022,W1KCG2EB8NA, ,N/A,Mercedes-Benz,EQS 450 4Matic, ,,Y,23b85ceefeb0e4d,58, ,In-Vehicle and Remote (Commercial / Test),"[REDACTED, MAY CONTAIN CONFIDENTIAL BUSINESS INFORMATION]", ,Y,, , ,, , ,, , ,,, , ,,,Yes,ADS,Mercedes-Benz, , , , , , , ,Y,Preparation of Demonstration,MAR-2022, ,MAR-2022,08:50, ,e0cdab99aaf1a1f,,Y,,Y,[MAY CONTAIN PERSONALLY IDENTIFIABLE INFORMATION], ,Los Angeles, ,CA ,[MAY CONTAIN PERSONALLY IDENTIFIABLE INFORMATION], ,Parking Lot,Dry,"Other, see Narrative",5, ,Daylight,Y, , , , , , , ,,"Other, see Narrative",Minor,Yes,Parked,No,No, , , ,Y, , , , , , , ,"Other, see Narrative",No,No,No Passengers in Vehicle,1, , , , , , ,Y, , , , , , , , , , , , ,Y,No,, ,Yes,, ,, ,, ,"[REDACTED, MAY CONTAIN CONFIDENTIAL BUSINESS INFORMATION]",Y,No additional information to report at this time.,
30290-2481,2,Argo AI,10-Day Update,,,MAR-2022,1FMCU0DZ5LU, ,N/A,Ford,Escape, ,2020, ,1a89dae466c3bdd,2562, ,In-Vehicle (Commercial / Test),"[REDACTED, MAY CONTAIN CONFIDENTIAL BUSINESS INFORMATION]", ,Y,, , ,, , ,, , ,,, , ,,,Yes,ADS,Argo AI, , , , ,Y,Y, , ,,MAR-2022, ,MAR-2022,12:39, ,1d63fe48b844c16,[MAY CONTAIN PERSONALLY IDENTIFIABLE INFORMATION], ,[MAY CONTAIN PERSONALLY IDENTIFIABLE INFORMATION], ,[MAY CONTAIN PERSONALLY IDENTIFIABLE INFORMATION], ,Coral Gables, ,FL ,[MAY CONTAIN PERSONALLY IDENTIFIABLE INFORMATION], ,Traffic Circle,Dry,No Unusual Conditions,30, ,Daylight,Y, , , , , , , ,,SUV,Moderate,Yes,Proceeding Straight,No,No, , , , , ,Y, , , , , ,Stopped,No,No,Yes,0, , , , ,Y, , , , , , , , ,Y, , ,Y,Y, , ,Yes,Coral Gables Police Department, ,Yes,[MAY CONTAIN PERSONALLY IDENTIFIABLE INFORMATION], ,,Y,,Y,"[REDACTED, MAY CONTAIN CONFIDENTIAL BUSINESS INFORMATION]",Y,"[REDACTED, MAY CONTAIN CONFIDENTIAL BUSINESS INFORMATION]",Y
30270-2465,2,Waymo LLC,10-Day Update,,,MAR-2022,SADHW2S18M1, ,N/A,Jaguar,I-Pace, ,2021, ,04f736aacb7513d,30534, ,In-Vehicle (Commercial / Test),5th Generation ADS, , ,, , ,, , ,, , ,,, , ,,,Yes,ADS,Waymo LLC, , ,Y, , , , , ,,MAR-2022, ,MAR-2022,21:39, ,810ff5231ba3d6d,[MAY CONTAIN PERSONALLY IDENTIFIABLE INFORMATION], ,[MAY CONTAIN PERSONALLY IDENTIFIABLE INFORMATION], ,[MAY CONTAIN PERSONALLY IDENTIFIABLE INFORMATION], ,Phoenix, ,AZ ,[MAY CONTAIN PERSONALLY IDENTIFIABLE INFORMATION], ,Intersection,Dry,No Unusual Conditions,35, ,Dark - Lighted,Y, , , , , , , ,,Van,No Injuries Reported,Yes,Proceeding Straight,Yes,Yes, , ,Y, , ,Y, , ,Y, , ,Stopped,No,Yes,Yes,0, ,Y, , ,Y, , ,Y, , , , , , ,Y, ,Y,Y, , ,Yes,Phoenix Police Department, ,Yes,[MAY CONTAIN PERSONALLY IDENTIFIABLE INFORMATION], ,,Y,,Y,Yes, ,"The content of this report is unchanged from the initial report submitted on March [XXX], 2022 [Report ID # 30270-2465-1]. 
On March [XXX], 2022 at 9:39 PM PST a Waymo Autonomous Vehicle ('Waymo AV') operating in Phoenix, AZ was in a collision involving a van on N. [XXX] at [XXX]. 
The Waymo AV was stopped at a red light on southbound N. [XXX] when a van behind the Waymo AV failed to stop and made contact with the rear bumper of the Waymo AV. At the time of the impact, the Waymo AV's Level 4 ADS was engaged in autonomous mode, and a test driver was present (in the driver's seating position). The van and Waymo AV sustained moderate damage.
Waymo is reporting this crash under Request No. 1 of Standing General Order 2021-01 because a vehicle involved was towed away. Waymo may supplement or correct its reporting with additional information as it may become available. This report was submitted from the Pacific time zone on the required date.",
30270-2556,1,Waymo LLC,Monthly,2,2022,MAR-2022,SADHW2S17M1, ,N/A,Jaguar,I-Pace, ,2021, ,6928114ae21e747,21701, ,In-Vehicle (Commercial / Test),5th Generation ADS, , ,, , ,, , ,, , ,,, , ,,,Yes,ADS,Waymo LLC, , ,Y, , , , , ,,FEB-2022, ,FEB-2022,13:00, ,4aa11f8103e3b99,[MAY CONTAIN PERSONALLY IDENTIFIABLE INFORMATION], ,[MAY CONTAIN PERSONALLY IDENTIFIABLE INFORMATION], ,[MAY CONTAIN PERSONALLY IDENTIFIABLE INFORMATION], ,San Francisco, ,CA ,[MAY CONTAIN PERSONALLY IDENTIFIABLE INFORMATION], ,Intersection,Dry,No Unusual Conditions,25, ,Daylight,Y, , , , , , , ,,Passenger Car,No Injuries Reported,Yes,Proceeding Straight,No,No, , , , , , , , ,Y, , ,Proceeding Straight,No,No,Yes,1, , , , ,Y, , , , , , , , , ,Y, ,Y,Y, , ,No,, ,Yes,, ,, ,, ,Yes, ,"On February [XXX], 2022 at 1:00 PM PST a Waymo Autonomous Vehicle ('Waymo AV') operating in San Francisco, California was in a collision involving a passenger vehicle on [XXX] at [XXX].
While traveling southbound on [XXX] at [XXX] in autonomous mode, the Waymo AV approached a green light and signaled for a right turn when a pedestrian entered the adjacent crosswalk in accordance with the pedestrian 'WALK' signal. As the Waymo AV began to slow, the driver transitioned the system into manual mode. A few seconds later, a passenger vehicle approached from behind and made contact with the rear bumper of the Waymo AV. At the time of the impact, the Waymo AV's Level 4 ADS was not engaged and a test driver was operating the Waymo AV in manual mode. The Waymo AV sustained minor damage.
Waymo is reporting this crash under Request No. 2 of Standing General Order 2021-01. Waymo may supplement or correct its reporting with additional information as it may become available. This report was submitted from the Pacific time zone on the required date.",
30270-2555,1,Waymo LLC,Monthly,2,2022,MAR-2022,SADHW2S10M1, ,N/A,Jaguar,I-Pace, ,2021, ,ed590c651fc2b4e,8771, ,In-Vehicle (Commercial / Test),5th Generation ADS, , ,, , ,, , ,, , ,,, , ,,,Yes,ADS,Waymo LLC, , ,Y, , , , , ,,FEB-2022, ,FEB-2022,00:49, ,5c272086feb4f9f,[MAY CONTAIN PERSONALLY IDENTIFIABLE INFORMATION], ,[MAY CONTAIN PERSONALLY IDENTIFIABLE INFORMATION], ,[MAY CONTAIN PERSONALLY IDENTIFIABLE INFORMATION], ,San Francisco, ,CA ,[MAY CONTAIN PERSONALLY IDENTIFIABLE INFORMATION], ,Intersection,Dry,No Unusual Conditions,25, ,Dark - Lighted,Y, , , , , , , ,,Passenger Car,No Injuries Reported,Yes,Changing Lanes,No,No, , , , , , , , , , ,Y,Stopped,No,No,Yes,0, , , , , , , ,Y, , , , , , ,Y, ,Y,Y, , ,No,, ,Yes,, ,, ,, ,Yes, ,"On February [XXX], 2022 at 12:49 AM PST a Waymo Autonomous Vehicle ('Waymo AV') operating in San Francisco, California was in a collision involving a passenger vehicle on [XXX] at [XXX].
The Waymo AV was stopped at a red light facing west on [XXX] at the [XXX] intersection in the left turn lane in autonomous mode. While the traffic light was still red, the vehicle immediately behind the Waymo AV began to accelerate toward the right side of the Waymo AV and made contact with the right rear bumper of the Waymo AV.  The other vehicle left the scene without exchanging information. At the time of the impact, the Waymo AV's Level 4 ADS was engaged in autonomous mode, and a test driver was present (in the driver's seating position). The Waymo AV sustained minor damage.
Waymo is reporting this crash under Request No. 2 of Standing General Order 2021-01. Waymo may supplement or correct its reporting with additional information as it may become available. This report was submitted from the Pacific time zone on the required date.",
30270-2554,1,Waymo LLC,Monthly,2,2022,MAR-2022,SADHW2S19M1, ,N/A,Jaguar,I-Pace, ,2021, ,3e2c94c7b8660e0,16818, ,In-Vehicle (Commercial / Test),5th Generation ADS, , ,, , ,, , ,, , ,,, , ,,,Yes,ADS,Waymo LLC, , ,Y, , , , , ,,FEB-2022, ,FEB-2022,19:45, ,330b02ca7bf113d,[MAY CONTAIN PERSONALLY IDENTIFIABLE INFORMATION], ,[MAY CONTAIN PERSONALLY IDENTIFIABLE INFORMATION], ,[MAY CONTAIN PERSONALLY IDENTIFIABLE INFORMATION], ,San Francisco, ,CA ,[MAY CONTAIN PERSONALLY IDENTIFIABLE INFORMATION], ,Intersection,Dry,No Unusual Conditions,35, ,Dark - Lighted,Y, , , , , , , ,,Passenger Car,No Injuries Reported,Yes,Proceeding Straight,No,No, , ,Y, , , , , , , , ,Stopped,No,No,Yes,0, , , , , , , ,Y, , , , , , ,Y, ,Y,Y, , ,No,, ,Yes,, ,, ,, ,Yes, ,"On February [XXX], 2022 at 7:45 PM PST a Waymo Autonomous Vehicle ('Waymo AV') operating in San Francisco, California was in a collision involving a passenger vehicle at the northbound merge lane on the 100 block of [XXX]. 
While attempting a merge onto northbound [XXX] from southbound [XXX], the Waymo AV came to a stop to yield for approaching traffic on the right. While stopped, a vehicle approached from behind and made contact with the rear bumper of the Waymo AV. The other vehicle left the scene without exchanging information.  At the time of the impact, the Waymo AV's Level 4 ADS was engaged in autonomous mode, and a test driver was present (in the driver's seating position). The Waymo AV sustained minor damage.
Waymo is reporting this crash under Request No. 2 of Standing General Order 2021-01. Waymo may supplement or correct its reporting with additional information as it may become available. This report was submitted from the Pacific time zone on the required date.",
30270-2553,1,Waymo LLC,Monthly,2,2022,MAR-2022,SADHW2S10M1, ,N/A,Jaguar,I-Pace, ,2021, ,fc507050d262298,17237, ,In-Vehicle (Commercial / Test),5th Generation ADS, , ,, , ,, , ,, , ,,, , ,,,Yes,ADS,Waymo LLC, , ,Y, , , , , ,,FEB-2022, ,FEB-2022,15:02, ,82533cc71dbe287,[MAY CONTAIN PERSONALLY IDENTIFIABLE INFORMATION], ,[MAY CONTAIN PERSONALLY IDENTIFIABLE INFORMATION], ,[MAY CONTAIN PERSONALLY IDENTIFIABLE INFORMATION], ,San Francisco, ,CA ,[MAY CONTAIN PERSONALLY IDENTIFIABLE INFORMATION], ,Intersection,Dry,No Unusual Conditions,25, ,Daylight,Y, , , , , , , ,,Passenger Car,No Injuries Reported,Yes,Proceeding Straight,No,No, , ,Y, , ,Y, , , , , ,Stopped,No,No,Yes,0, , , , , , , ,Y, , , , , , ,Y, ,Y,Y, , ,No,, ,Yes,, ,, ,, ,Yes, ,"On February [XXX], 2022 at 3:02 PM PST a Waymo Autonomous Vehicle ('Waymo AV') operating in San Francisco, California was in a collision involving a passenger vehicle on [XXX] at [XXX].
The Waymo AV was stopped at a red light facing north on [XXX] at the [XXX] intersection in autonomous mode. While the traffic light was still red, the vehicle immediately behind the Waymo AV began to accelerate and made contact with the rear bumper of the Waymo AV. At the time of the impact, the Waymo AV's Level 4 ADS was engaged in autonomous mode, and a test driver was present (in the driver's seating position). The Waymo AV sustained minor damage.
Waymo is reporting this crash under Request No. 2 of Standing General Order 2021-01. Waymo may supplement or correct its reporting with additional information as it may become available. This report was submitted from the Pacific time zone on the required date.",
30270-2552,1,Waymo LLC,Monthly,2,2022,MAR-2022,SADHW2S1XM1, ,N/A,Jaguar,I-Pace, ,2021, ,4c109ee6f767a49,9960, ,In-Vehicle (Commercial / Test),5th Generation ADS, , ,, , ,, , ,, , ,,, , ,,,Yes,ADS,Waymo LLC, , ,Y, , , , , ,,FEB-2022, ,FEB-2022,15:05, ,6760a5723220425,[MAY CONTAIN PERSONALLY IDENTIFIABLE INFORMATION], ,[MAY CONTAIN PERSONALLY IDENTIFIABLE INFORMATION], ,[MAY CONTAIN PERSONALLY IDENTIFIABLE INFORMATION], ,San Francisco, ,CA ,[MAY CONTAIN PERSONALLY IDENTIFIABLE INFORMATION], ,Street,Dry,"Other, see Narrative",25, ,Daylight,Y, , , , , , , ,,Pickup Truck,No Injuries Reported,Yes,Passing,No,No, ,Y, , , , , , , , , ,Stopped,No,No,Yes,0, ,Y, , , , , , , , , , , , ,Y, ,Y,Y, , ,No,, ,Yes,, ,, ,, ,Yes, ,"On February [XXX], 2022 at 3:05 PM PST a Waymo Autonomous Vehicle ('Waymo AV') operating in San Francisco, California was in a collision involving a pick-up truck on [XXX] near [XXX]. 
The Waymo AV was traveling westbound on [XXX] in autonomous mode and came to a stop while yielding to an oncoming pick-up truck in a narrow roadway. The oncoming truck continued proceeding straight and made contact with the rear left sensor of the Waymo AV. At the time of the impact, the Waymo AV's Level 4 ADS was engaged in autonomous mode, and a test driver was present (in the driver's seating position). Both vehicles sustained minor damage.
Waymo is reporting this crash under Request No. 2 of Standing General Order 2021-01. Waymo may supplement or correct its reporting with additional information as it may become available. This report was submitted from the Pacific time zone on the required date.",
30270-2551,1,Waymo LLC,Monthly,2,2022,MAR-2022,SADHW2S17M1, ,N/A,Jaguar,I-Pace, ,2021, ,e0571a62a1ccccb,13801, ,In-Vehicle (Commercial / Test),5th Generation ADS, , ,, , ,, , ,, , ,,, , ,,,Yes,ADS,Waymo LLC, , ,Y, , , , , ,,FEB-2022, ,FEB-2022,08:44, ,a85a7c4da377987,[MAY CONTAIN PERSONALLY IDENTIFIABLE INFORMATION], ,[MAY CONTAIN PERSONALLY IDENTIFIABLE INFORMATION], ,[MAY CONTAIN PERSONALLY IDENTIFIABLE INFORMATION], ,San Francisco, ,CA ,[MAY CONTAIN PERSONALLY IDENTIFIABLE INFORMATION], ,Intersection,Dry,No Unusual Conditions,25, ,Daylight,Y, , , , , , , ,,SUV,No Injuries Reported,Yes,Crossing into Opposing Lane,No,No, , , , , , , ,Y, , , ,Stopped,No,No,Yes,0, ,Y, , , , , , , , , , , , ,Y, ,Y,Y, , ,No,, ,Yes,, ,, ,, ,Yes, ,"On February [XXX], 2022 at 8:44 AM PST a Waymo Autonomous Vehicle ('Waymo AV') operating in San Francisco, California was in a collision involving a SUV on [XXX] and [XXX].
The Waymo AV was stopped at a stop sign facing west on [XXX] in autonomous mode while yielding to pedestrians in the crosswalk. After the pedestrians had crossed, the Waymo started to edge forward when an SUV to the Waymo AV's rear passed the Waymo AV by driving in the oncoming traffic lane and made contact with the left rear sensor housing of the Waymo AV. At the time of the impact, the Waymo AV's Level 4 ADS was engaged in autonomous mode and a test driver was present (in the driver's seating position). The Waymo AV sustained minor damage.
Waymo is reporting this crash under Request No. 2 of Standing General Order 2021-01. Waymo may supplement or correct its reporting with additional information as it may become available. This report was submitted from the Pacific time zone on the required date.",
502-2525,1,Ford Motor Company,Monthly,3,2022,MAR-2022,3FA6P0MU9KR, ,N/A,Ford,Fusion, ,2019, ,f4ed5e3d6f6498b,13277, ,In-Vehicle (Commercial / Test),"[REDACTED, MAY CONTAIN CONFIDENTIAL BUSINESS INFORMATION]", ,Y,, , ,, , ,, , ,,, , ,,,Yes,ADS,Argo AI, , , , ,Y,Y, , ,,FEB-2022, ,FEB-2022,8:51, ,9e854367221d966,[MAY CONTAIN PERSONALLY IDENTIFIABLE INFORMATION], ,[MAY CONTAIN PERSONALLY IDENTIFIABLE INFORMATION], ,[MAY CONTAIN PERSONALLY IDENTIFIABLE INFORMATION], ,Washington DC, ,DC ,[MAY CONTAIN PERSONALLY IDENTIFIABLE INFORMATION], ,Street,Dry,No Unusual Conditions,25, ,Daylight, , ,Y, , , , , ,,Passenger Car,No Injuries Reported,Yes,Proceeding Straight,No,No, , , , , ,Y, , , , , ,Stopped,No,No,Yes,0, , , , ,Y, , , , , , , , , , , ,Y,Y, , ,Yes,Metropolitan Police Department, ,Yes,[MAY CONTAIN PERSONALLY IDENTIFIABLE INFORMATION], ,,Y,,Y,"[REDACTED, MAY CONTAIN CONFIDENTIAL BUSINESS INFORMATION]",Y,"[REDACTED, MAY CONTAIN CONFIDENTIAL BUSINESS INFORMATION]",Y
30610-2482,1,"Zoox, Inc.",Monthly,2,2022,MAR-2022,5RDDCRFH2GS, ,N/A,Toyota,Highlander, ,2016, ,825a589bfc9c427,52306, ,In-Vehicle (Commercial / Test),30.22.02.05, , ,, , ,, , ,, , ,,, , ,,,Yes,ADS,Zoox, , , , , ,Y, , ,,FEB-2022, ,FEB-2022,20:55, ,2aa124cfd4ca325,[MAY CONTAIN PERSONALLY IDENTIFIABLE INFORMATION], ,[MAY CONTAIN PERSONALLY IDENTIFIABLE INFORMATION], ,[MAY CONTAIN PERSONALLY IDENTIFIABLE INFORMATION], ,San Francisco, ,CA ,[MAY CONTAIN PERSONALLY IDENTIFIABLE INFORMATION], ,Street,Dry,No Unusual Conditions,25, ,Dark - Lighted,Y, , , , , , , ,,Passenger Car,No Injuries Reported,No,Proceeding Straight,Unknown,Unknown, , , , , ,Y, , , , , ,Stopped,No,No,Yes,0, , , , ,Y, , , , , , , ,Y, ,Y, ,Y, , , ,No,, ,No,, ,, ,, ,Yes, ,A Zoox vehicle when in autonomous mode was stopped at a traffic light on [XXX] at [XXX] when a passenger vehicle hit the Zoox vehicle from behind. The passenger vehicle left the scene without exchanging information. There were no injuries and the police were not called.,
30290-2471,1,Argo AI,Monthly,3,2022,MAR-2022,3FA6P0MU9KR, ,N/A,Ford,Fusion, ,2019, ,f4ed5e3d6f6498b,13277, ,In-Vehicle (Commercial / Test),"[REDACTED, MAY CONTAIN CONFIDENTIAL BUSINESS INFORMATION]", ,Y,, , ,, , ,, , ,,, , ,,,Yes,ADS,Argo AI, , , , ,Y,Y, , ,,FEB-2022, ,FEB-2022,8:51, ,9e854367221d966,[MAY CONTAIN PERSONALLY IDENTIFIABLE INFORMATION], ,[MAY CONTAIN PERSONALLY IDENTIFIABLE INFORMATION], ,[MAY CONTAIN PERSONALLY IDENTIFIABLE INFORMATION], ,Washington DC, ,DC ,[MAY CONTAIN PERSONALLY IDENTIFIABLE INFORMATION], ,Street,Dry,No Unusual Conditions,25, ,Daylight, , ,Y, , , , , ,,Passenger Car,No Injuries Reported,Yes,Proceeding Straight,No,No, , , , , ,Y, , , , , ,Stopped,No,No,Yes,0, , , , ,Y, , , , , , , , , , , ,Y,Y, , ,Yes,Metropolitan Police Department, ,Yes,[MAY CONTAIN PERSONALLY IDENTIFIABLE INFORMATION], ,,Y,,Y,"[REDACTED, MAY CONTAIN CONFIDENTIAL BUSINESS INFORMATION]",Y,"[REDACTED, MAY CONTAIN CONFIDENTIAL BUSINESS INFORMATION]",Y
1712-2474,2,"Robert Bosch, LLC",Update,,,MAR-2022,W1KCG2EB8NA, ,N/A,EQS,450 4matic, ,,Y,23b85ceefeb0e4d,,Y,Unknown,Automated Valet Park, , ,, , ,, , ,, , ,,, , ,,,Yes,ADS,MBUS, , , , , ,Y, , ,,MAR-2022, ,MAR-2022,08:50, ,e0cdab99aaf1a1f,,Y,,Y,[MAY CONTAIN PERSONALLY IDENTIFIABLE INFORMATION], ,Los Angeles, ,CA ,[MAY CONTAIN PERSONALLY IDENTIFIABLE INFORMATION], ,Parking Lot,Unknown,Unknown,,Y,Unknown, , , , , , ,Y, ,,Unknown,Minor,No,Stopped,No,No, , , , , , , , , , ,Y,Unknown,No,No,Unknown,,Y, , , , , ,Y, , , , , , , , , , , , ,Y,No,, ,Yes,, ,, ,, ,"Unknown, see Narrative", ,"On March [XXX], 2022, [REDACTED CONFIDENTIAL BUSINESS INFORMATION], at the Intercontinental Los Angeles hotel in Los Angeles, CA, Mercedes-Benz advised that there was minor incident [REDACTED CONFIDENTIAL BUSINESS INFORMATION]. Please see Mercedes-Benz 1-day report that was filed with NHTSA via the SGO Portal for additional information and details.  Bosch does not have incident details, other than those identified in the report above.  [REDACTED CONFIDENTIAL BUSINESS INFORMATION]",Y
30270-2359,2,Waymo LLC,10-Day Update,,,FEB-2022,1XPBD49X0ND, ,N/A,Peterbilt,579 Epiq, ,2022, ,e900e303012f4e3,42556, ,In-Vehicle (Commercial / Test),5th Generation ADS, , ,, , ,, , ,, , ,,, , ,,,Yes,ADS,Waymo LLC, , ,Y, , , , , ,,FEB-2022, ,FEB-2022,10:30, ,8db2e10c839c6b3,[MAY CONTAIN PERSONALLY IDENTIFIABLE INFORMATION], ,[MAY CONTAIN PERSONALLY IDENTIFIABLE INFORMATION], ,[MAY CONTAIN PERSONALLY IDENTIFIABLE INFORMATION], ,Sacaton, ,AZ ,[MAY CONTAIN PERSONALLY IDENTIFIABLE INFORMATION], ,Highway / Freeway,Dry,No Unusual Conditions,75, ,Daylight,Y, , , , , , , ,,Heavy Truck,No Injuries Reported,Yes,Changing Lanes,Unknown,Yes, , ,Y, , ,Y, , ,Y, , ,Proceeding Straight,No,Yes,Yes,50, ,Y, , , , , , , , , , , , ,Y, ,Y,Y, , ,Yes,AZ Dept. of Public Safety, ,Yes,[MAY CONTAIN PERSONALLY IDENTIFIABLE INFORMATION], ,,Y,,Y,Yes, ,"The content of this report is unchanged from the initial report submitted on February [XXX], 2022 [Report ID #30270-2258-1]. 
On February [XXX], 2022 at 10:30 AM PST a Waymo Autonomous Vehicle ('Waymo AV') Peterbilt Class 8 semi-truck and trailer, operating in Gila River, AZ was in a collision involving a box truck on [XXX] south of [XXX]. 
The Waymo AV was traveling southbound on [XXX] in autonomous mode in the right lane, and a motor coach followed by a box truck were traveling in the adjacent left lane. Traffic in the left lane began to slow and the box truck steered to the right and crossed into the right lane before making contact with the passenger side rear corner of the motor coach and then making contact with the driver side rear axle of the Waymo AV trailer. At the time of the impact, the Waymo AV was in autonomous mode, and a test driver was present (in the driver's seating position). The Waymo AV trailer, motor coach, and box truck sustained damage. 
Waymo is reporting this crash under Request No. 1 of Standing General Order 2021-01 because a vehicle involved was towed away. Waymo may supplement or correct its reporting with additional information as it may become available. This report was submitted from the Pacific time zone on the required date.",
30270-2358,2,Waymo LLC,10-Day Update,,,FEB-2022,SADHW2S19M1, ,N/A,Jaguar,I-Pace, ,2021, ,6bc8160eed3f36f,8570, ,In-Vehicle (Commercial / Test),5th Generation ADS, , ,, , ,, , ,, , ,,, , ,,,Yes,ADS,Waymo LLC, , ,Y, , , , , ,,FEB-2022, ,FEB-2022,17:46, ,ca46961b61f690a,[MAY CONTAIN PERSONALLY IDENTIFIABLE INFORMATION], ,[MAY CONTAIN PERSONALLY IDENTIFIABLE INFORMATION], ,[MAY CONTAIN PERSONALLY IDENTIFIABLE INFORMATION], ,San Francisco, ,CA ,[MAY CONTAIN PERSONALLY IDENTIFIABLE INFORMATION], ,Intersection,Dry,No Unusual Conditions,25, ,Dawn / Dusk,Y, , , , , , , ,,Non-Motorist: Cyclist,No Injuries Reported,Yes,Making Left Turn,,, , , , , , , , , , , ,Proceeding Straight,No,No,Yes,4, ,Y, , , , , , , , , , , , ,Y, ,Y,Y, , ,No,, ,Yes,, ,, ,, ,Yes, ,"Other than correcting the towing status of the Waymo AV, which was not towed, the content of this report is unchanged from the initial report submitted on February [XXX], 2022 [Report ID #30270-2248-1]. 
On February [XXX], 2022 at 5:46 PM PST a Waymo Autonomous Vehicle ('Waymo AV') operating in San Francisco, CA was in a collision involving a bicyclist on [XXX] at [XXX]. 
The Waymo AV was in autonomous mode and traveling southbound on [XXX] when it came to a stop at [XXX]. As the Waymo AV proceeded, a bicyclist traveling northbound on [XXX] proceeded through the stop sign without stopping in order to make a left turn onto westbound [XXX]. The Waymo AV began to brake and the test driver (in the driver's seating position), disengaged the AV system and continued braking. As the bicyclist attempted to complete their left turn, the bicyclist made contact with the driver side rear corner of the Waymo AV. At the time of the impact, the Waymo's Level 4 ADS was not engaged and a test driver was operating the Waymo AV in manual mode. The Waymo sustained damage.
Waymo is reporting this crash under Request No. 1 of Standing General Order 2021-01 because a vulnerable road user was involved. Waymo may supplement or correct its reporting with additional information as it may become available. This report was submitted from the Pacific time zone on the required date.",