Report ID,Report Version,Reporting Entity,Report Type,Report Month,Report Year,Report Submission Date,VIN,VIN - Unknown,Serial Number,Make,Model,Model - Unknown,Model Year,Model Year - Unknown,Same Vehicle ID,Mileage,Mileage - Unknown,Driver / Operator Type,ADAS/ADS System Version,ADAS/ADS System Version - Unk,ADAS/ADS System Version CBI,ADAS/ADS Hardware Version,ADAS/ADS Hardware Version - Unk,ADAS/ADS Hardware Version CBI,ADAS/ADS Software Version,ADAS/ADS Software Version - Unk,ADAS/ADS Software Version CBI,Other Reporting Entities?,Other Reporting Entities? - Unk,Other Reporting Entities? - NA,Federal Regulatory Exemption?,Other Federal Reg. Exemption,Federal Reg. Exemption - Unk,Federal Reg. Exemption - No,State or Local Permit?,State or Local Permit,ADS Equipped?,Automation System Engaged?,Operating Entity,Operating Entity - Unknown,Source - Complaint/Claim,Source - Telematics,Source - Law Enforcement,Source - Field Report,Source - Testing,Source - Media,Source - Other,Source - Other Text,Incident Date,Incident Date - Unknown,Notice Received Date,Incident Time (24:00),Incident Time - Unknown,Same Incident ID,Latitude,Latitude - Unknown,Longitude,Longitude - Unknown,Address,Address - Unknown,City,City - Unknown,State,Zip Code,Zip Code - Unknown,Roadway Type,Roadway Surface,Roadway Description,Posted Speed Limit (MPH),Posted Speed Limit - Unknown,Lighting,Weather - Clear,Weather - Snow,Weather - Cloudy,Weather - Fog/Smoke,Weather - Rain,Weather - Severe Wind,Weather - Unknown,Weather - Other,Weather - Other Text,Crash With,Highest Injury Severity Alleged,Property Damage?,CP Pre-Crash Movement,CP Any Air Bags Deployed?,CP Was Vehicle Towed?,CP Contact Area - Rear Left,CP Contact Area - Left,CP Contact Area - Front Left,CP Contact Area - Rear,CP Contact Area - Top,CP Contact Area - Front,CP Contact Area - Rear Right,CP Contact Area - Right,CP Contact Area - Front Right,CP Contact Area - Bottom,CP Contact Area - Unknown,SV Pre-Crash Movement,SV Any Air Bags Deployed?,SV Was Vehicle Towed?,SV Were All Passengers Belted?,SV Precrash Speed (MPH),SV Pre-crash Speed - Unknown,SV Contact Area - Rear Left,SV Contact Area - Left,SV Contact Area - Front Left,SV Contact Area - Rear,SV Contact Area - Top,SV Contact Area - Front,SV Contact Area - Rear Right,SV Contact Area - Right,SV Contact Area - Front Right,SV Contact Area - Bottom,SV Contact Area - Unknown,Data Availability - EDR,Data Availability - Police Rpt,Data Availability - Telematics,Data Availability - Complaints,Data Availability - Video,Data Availability - Other,Data Availability - No Data,Data Availability - Unknown,Law Enforcement Investigating?,Investigating Agency,Investigating Agency - Unknown,Rep Ent Or Mfr Investigating?,Investigating Officer Name,Inv. Officer Name - Unknown,Investigating Officer Phone,Inv. Officer Phone - Unknown,Investigating Officer Email,Inv. Officer Email - Unknown,Within ODD?,Within ODD? - CBI,Narrative,Narrative - CBI?
30270-1923,1,Waymo LLC,Monthly,11,2021,DEC-2021,2C4RC1K71HR, ,N/A,Chrysler,Pacifica, ,2017, ,6809bca2e95dc4f,20839, ,In-Vehicle (Commercial / Test),4th Generation ADS, , ,, , ,, , ,, , ,,, , ,,,Yes,ADS,Waymo LLC, , ,Y, , , , , ,,NOV-2021, ,NOV-2021,18:47, ,4e4a38ea028e125,[MAY CONTAIN PERSONALLY IDENTIFIABLE INFORMATION], ,[MAY CONTAIN PERSONALLY IDENTIFIABLE INFORMATION], ,[MAY CONTAIN PERSONALLY IDENTIFIABLE INFORMATION], ,Chandler, ,AZ ,[MAY CONTAIN PERSONALLY IDENTIFIABLE INFORMATION], ,Intersection,Dry,No Unusual Conditions,25, ,Dark - Lighted,Y, , , , , , , ,,Passenger Car,No Injuries Reported,Yes,Making Right Turn,No,No, , , , , , , , ,Y, , ,Stopped,No,No,Yes,0, , , , ,Y, , , , , , , , , ,Y, ,Y,Y, , ,No,, ,Yes,, ,, ,, ,Yes, ,"On November [XXX], 2021 at 6:47 PM PST a Waymo Autonomous Vehicle ('Waymo AV') operating in Chandler, AZ was in a collision involving a passenger vehicle at a shopping mall parking lot exit at [XXX]. 
The Waymo AV was attempting a right turn from the [XXX] parking lot onto southbound Price Road when it began yielding for approaching traffic and came to a stop. A passenger vehicle behind the Waymo AV then struck the rear of the Waymo AV. At the time of the impact, the Waymo AV's Level 4 ADS was engaged in autonomous mode, and a test driver was present (in the driver's seating position). The Waymo AV sustained minor damage, and the passenger vehicle sustained minor damage. 
Waymo is reporting this crash under Request No. 2 of Standing General Order 2021-01. Waymo may supplement or correct its reporting with additional information as it may become available. This report was submitted from the Pacific time zone on the required date.",
30270-1922,1,Waymo LLC,Monthly,11,2021,DEC-2021,SADHW2S16M1, ,N/A,Jaguar,I-Pace, ,2021, ,c0bc3685a7d18ca,4737, ,In-Vehicle (Commercial / Test),5th Generation ADS, , ,, , ,, , ,, , ,,, , ,,,Yes,ADS,Waymo LLC, , ,Y, , , , , ,,NOV-2021, ,NOV-2021,11:11, ,45f715e92eb4757,[MAY CONTAIN PERSONALLY IDENTIFIABLE INFORMATION], ,[MAY CONTAIN PERSONALLY IDENTIFIABLE INFORMATION], ,[MAY CONTAIN PERSONALLY IDENTIFIABLE INFORMATION], ,San Francisco, ,CA ,[MAY CONTAIN PERSONALLY IDENTIFIABLE INFORMATION], ,Street,Dry,No Unusual Conditions,25, ,Daylight,Y, , , , , , , ,,SUV,No Injuries Reported,Yes,Crossing into Opposing Lane,No,No, , , , , , , , , , ,Y,Stopped,No,No,Yes,0, ,Y, , , , , , , , , , , , ,Y, ,Y,Y, , ,No,, ,Yes,, ,, ,, ,Yes, ,"On November [XXX], 2021 at 11:11 AM PST a Waymo Autonomous Vehicle ('Waymo AV') operating in San Francisco, CA was in a collision involving an SUV on the 1700 block of [XXX]. 
The Waymo AV was in autonomous mode and traveling northbound on [XXX] as it crossed the intersection at [XXX]. An SUV then turned right from [XXX] onto [XXX] and began closely following the Waymo AV. The Waymo AV test driver then took manual control and stopped the Waymo AV. The SUV then stopped, reversed, and drove around the Waymo AV and made contact with the Waymo AV's driver side rear fender. At the time of the impact the Waymo AV's Level 4 ADS was not engaged and a test driver was operating the Waymo AV in manual mode. The Waymo AV sustained minor damage and the SUV left the scene without exchanging information.
Waymo is reporting this crash under Request No. 2 of Standing General Order 2021-01. Waymo may supplement or correct its reporting with additional information as it may become available. This report was submitted from the Pacific time zone on the required date.",
30270-1921,1,Waymo LLC,Monthly,11,2021,DEC-2021,SADHW2S19M1, ,N/A,Jaguar,I-Pace, ,2021, ,4edb4192b29d35b,11749, ,In-Vehicle (Commercial / Test),5th Generation ADS, , ,, , ,, , ,, , ,,, , ,,,Yes,ADS,Waymo LLC, , ,Y, , , , , ,,NOV-2021, ,NOV-2021,13:23, ,837ba2955e69b46,[MAY CONTAIN PERSONALLY IDENTIFIABLE INFORMATION], ,[MAY CONTAIN PERSONALLY IDENTIFIABLE INFORMATION], ,[MAY CONTAIN PERSONALLY IDENTIFIABLE INFORMATION], ,San Francisco, ,CA ,[MAY CONTAIN PERSONALLY IDENTIFIABLE INFORMATION], ,Intersection,Dry,No Unusual Conditions,25, ,Daylight,Y, , , , , , , ,,Passenger Car,No Injuries Reported,Yes,Proceeding Straight,No,No, , , , , ,Y, , , , , ,Stopped,No,No,Yes,0, ,Y, , ,Y, , , , , , , , , ,Y, ,Y,Y, , ,No,, ,Yes,, ,, ,, ,Yes, ,"On November [XXX], 2021 at 1:23 PM PST a Waymo Autonomous Vehicle ('Waymo AV') operating in San Francisco, CA was in a collision involving a passenger vehicle at [XXX] at [XXX]. 
The Waymo AV was stopped at a red light on [XXX] at [XXX]. When the traffic light turned green, the passenger vehicle behind the Waymo AV struck the rear of the Waymo AV. At the time of the impact, the Waymo AV's Level 4 ADS was engaged in autonomous mode, and a test driver was present (in the driver's seating position). The Waymo AV sustained minor damage, and the trailing passenger vehicle sustained minor damage. 
Waymo is reporting this crash under Request No. 2 of Standing General Order 2021-01. Waymo may supplement or correct its reporting with additional information as it may become available. This report was submitted from the Pacific time zone on the required date.",
30270-1920,1,Waymo LLC,Monthly,11,2021,DEC-2021,SADHW2S16M1, ,N/A,Jaguar,I-Pace, ,2021, ,0f2b5c50f367aad,9742, ,In-Vehicle (Commercial / Test),5th Generation ADS, , ,, , ,, , ,, , ,,, , ,,,Yes,ADS,Waymo LLC, , ,Y, , , , , ,,NOV-2021, ,NOV-2021,01:50, ,03d5dd9340f2d40,[MAY CONTAIN PERSONALLY IDENTIFIABLE INFORMATION], ,[MAY CONTAIN PERSONALLY IDENTIFIABLE INFORMATION], ,[MAY CONTAIN PERSONALLY IDENTIFIABLE INFORMATION], ,San Francisco, ,CA ,[MAY CONTAIN PERSONALLY IDENTIFIABLE INFORMATION], ,Intersection,Dry,No Unusual Conditions,25, ,Dark - Lighted,Y, , , , , , , ,,Passenger Car,No Injuries Reported,Yes,Proceeding Straight,No,No, ,Y, , , , , , , , , ,Stopped,No,No,Yes,0, , ,Y,Y, , , , , , , , , , ,Y, ,Y,Y, , ,No,, ,Yes,, ,, ,, ,Yes, ,"On November [XXX], 2021 at 1:50 AM PST a Waymo Autonomous Vehicle ('Waymo AV') operating in San Francisco, CA was in a collision involving a passenger vehicle at [XXX] at [XXX]. 
The Waymo AV was traveling westbound on [XXX] when it yielded to an oncoming passenger vehicle. As the passenger vehicle passed the stopped Waymo AV, its driver side rearview mirror made contact with a Waymo AV sensor. At the time of the impact, the Waymo AV's Level 4 ADS was engaged in autonomous mode, and a test driver was present (in the driver's seating position). The Waymo sustained minor damage and the passenger vehicle sustained minor damage.
Waymo is reporting this crash under Request No. 2 of Standing General Order 2021-01. Waymo may supplement or correct its reporting with additional information as it may become available. This report was submitted from the Pacific time zone on the required date.",
669-1762,3,Hyundai Motor America,Update,12,2021,DEC-2021,KM8K23AG3MU, ,N/A,Hyundai,Kona EV, ,2021, ,68822f2575e302d,,Y,"Other, see Narrative",,Y, ,, , ,, , ,, , ,,, , ,,,Yes,ADS,Pony.ai, , , , , ,Y, ,Y,Independent third-party tester,OCT-2021, ,NOV-2021,,Y,aeb0ef282584e35,,Y,,Y,,Y,Fremont, ,CA ,,Y,Unknown,Unknown,Unknown,,Y,Unknown, , , , , , ,Y, ,,Pole / Tree,No Injuries Reported,Unknown,,,, , , , , , , , , , , ,Unknown,Unknown,Unknown,Unknown,,Y, , , , , , , , , , ,Y, , , , , , , ,Y,Unknown,,Y,Yes,,Y,,Y,,Y,"No, see Narrative", ,"HMA was informed of this incident during a discussion with NHTSA's ODI on November [XXX], 2021. According to the information provided, a 2021 Kona EV was being operated by a non-production SAE Level 4 ADAS in an unknown mode when the Level 4 system experienced a communication error, switched to an auxiliary backup system, resulting in the vehicle crashing into a road sign/ pole.  The vehicle was undrivable post-crash.  No injuries were reported.
Hyundai notes that the subject vehicle was produced and sold with SAE Level 1 and below ADAS only.  
Hyundai also notes that it has not collaborated with Pony.ai since February 2020.
11/[XXX]/2021: No new updates available.
12/[XXX]/2021: No new updates available.",
30531-1821,2,Transdev Alternative Services,10-Day Update,,,DEC-2021,SADHW2S10M1, ,N/A,Jaguar,I-Pace, ,2021, ,07333aef835ef03,17392, ,In-Vehicle (Commercial / Test),,Y, ,, , ,, , ,, , ,,, , ,,,Yes,ADS,Waymo LLC., , , , ,Y, , , ,,DEC-2021, ,DEC-2021,16:30, ,92abe0be65a945a,,Y,,Y,[MAY CONTAIN PERSONALLY IDENTIFIABLE INFORMATION], ,San Francisco, ,CA ,[MAY CONTAIN PERSONALLY IDENTIFIABLE INFORMATION], ,Street,Unknown,No Unusual Conditions,25, ,Daylight, , , , , , ,Y, ,,SUV,No Injuries Reported,Yes,Changing Lanes,No,Unknown, , , , , , , , ,Y, , ,Proceeding Straight,No,Yes,Yes,8, , , ,Y, , , , , , , , , , , , ,Y,Y, , ,No,, ,Yes,, ,, ,, ,Yes, ,"Other than updates to the Surface Condition, Weather, Was [REDACTED, MAY CONTAIN CONFIDENTIAL BUSINESS INFORMATION] Vehicle Towed?, and Any [REDACTED, MAY CONTAIN CONFIDENTIAL BUSINESS INFORMATION] Air Bags Deployed? fields, the content of this report is unchanged from the initial report submitted on December [XXX], 2021 [Report ID # 30270-1815-1]. 
On December [XXX], 2021 at 4:30 PM PST a Waymo Autonomous Vehicle (""Waymo AV"") operating in San Francisco, CA was in a collision involving an SUV on [XXX] between [XXX] and [XXX] avenues. 
While in autonomous mode, the Waymo AV turned right from southbound [XXX] onto westbound [XXX]. As the Waymo AV proceeded onto [XXX] in the far right lane, an SUV also proceeding westbound on [XXX] made a continuous right lane change from the far left lane, through the middle lane, and entered the far right lane in front of the Waymo AV. The Waymo AV was decelerating when the test driver transitioned to manual mode. The Waymo AV then made contact with the SUV. At the time of the impact, the Waymo AV's Level 4 ADS was not engaged and a test driver (in the driver's seating position) was operating the Waymo AV in manual mode. The Waymo AV sustained damage to its front driver side fender and the SUV sustained damage to its front passenger side fender. 
Transdev Alternative Services is reporting this crash under Request No. 1 of Standing General Order 2021-01 because a vehicle involved was towed away. Transdev may supplement or correct its reporting with additional information as it may become available. This report is a duplicate submitted by Waymo LLC. WaymoLLC-202112[XXX]-0 (rev.202112[XXX]173620).",
30531-1796,2,Transdev Alternative Services,10-Day Update,,,DEC-2021,SADHW2S13M1, ,N/A,Jaguar,I-Pace, ,2021, ,f97408305266b85,13034, ,In-Vehicle (Commercial / Test),,Y, ,, , ,, , ,, , ,,, , ,,,Yes,ADS,Waymo LLC., , , , ,Y, , , ,,NOV-2021, ,NOV-2021,18:08, ,462947832bd2caa,,Y,,Y,[MAY CONTAIN PERSONALLY IDENTIFIABLE INFORMATION], ,San Francisco, ,CA ,[MAY CONTAIN PERSONALLY IDENTIFIABLE INFORMATION], ,Intersection,Dry,No Unusual Conditions,25, ,Dark - Lighted,Y, , , , , , , ,,Passenger Car,No Injuries Reported,Yes,Proceeding Straight,No,No, , , , , ,Y, , , , , ,Stopped,No,Yes,Yes,0, ,Y, , ,Y, , , , , , , , , , , ,Y,Y, , ,No,, ,Yes,, ,, ,, ,Yes, ,"The content of this report is unchanged from the initial report submitted on November [XXX], 2021 [Report ID # 30270-1786-1]. 
On November [XXX], 2021 at 6:08 PM PST a Waymo Autonomous Vehicle ('Waymo AV') operating in San Francisco, CA was in a collision involving a passenger vehicle at [XXX] at [XXX]. 
The Waymo AV was stopped at a red light on eastbound [XXX] at [XXX] when a passenger vehicle struck the Waymo AV's rear bumper. At the time of the impact, the Waymo AV's Level 4 ADS was engaged in autonomous mode, and a test driver was present (in the driver's seating position). The Waymo AV's rear bumper sustained damage, and the passenger vehicle's front bumper sustained damage.
Transdev Alternative Services is reporting this crash under Request No. 1 of Standing General Order 2021-01 because a vehicle involved was towed away. Transdev may supplement or correct its reporting with additional information as it may become available. This report is a duplicate to Waymo's already submitted report WaymoLLC-202111[XXX]-80 (rev.202112[XXX]220658).",
30270-1872,1,Waymo LLC,1-Day,,,DEC-2021,SADHW2S10M1, ,N/A,Jaguar,I-Pace, ,2021, ,07333aef835ef03,17392, ,In-Vehicle (Commercial / Test),5th Generation ADS, , ,, , ,, , ,, , ,,, , ,,,Yes,ADS,Waymo LLC, , ,Y, , , , , ,,DEC-2021, ,DEC-2021,16:30, ,92abe0be65a945a,[MAY CONTAIN PERSONALLY IDENTIFIABLE INFORMATION], ,[MAY CONTAIN PERSONALLY IDENTIFIABLE INFORMATION], ,[MAY CONTAIN PERSONALLY IDENTIFIABLE INFORMATION], ,San Francisco, ,CA ,[MAY CONTAIN PERSONALLY IDENTIFIABLE INFORMATION], ,Street,Dry,No Unusual Conditions,25, ,Daylight, , ,Y, , , , , ,,SUV,No Injuries Reported,Yes,Changing Lanes,No,No, , , , , , , , ,Y, , ,Proceeding Straight,No,Yes,Yes,8, , , ,Y, , , , , , , , , , ,Y, ,Y,Y, , ,No,, ,Yes,, ,, ,, ,Yes, ,"Other than updates to the ""Surface Condition,"" ""Weather,"" ""Was [REDACTED, MAY CONTAIN CONFIDENTIAL BUSINESS INFORMATION] Vehicle Towed,"" and ""Any [REDACTED, MAY CONTAIN CONFIDENTIAL BUSINESS INFORMATION] Air Bags Deployed?"" fields, the content of this report is unchanged from the initial report submitted on December [XXX], 2021 [REDACTED, MAY CONTAIN CONFIDENTIAL BUSINESS INFORMATION]. 
On December [XXX], 2021 at 4:30 PM PST a Waymo Autonomous Vehicle (""Waymo AV"") operating in San Francisco, CA was in a collision involving an SUV on [XXX] between [XXX] and [XXX] avenues. 
While in autonomous mode, the Waymo AV turned right from southbound [XXX] onto westbound [XXX]. As the Waymo AV proceeded onto [XXX] in the far right lane, an SUV also proceeding westbound on [XXX] made a continuous right lane change from the far left lane, through the middle lane, and entered the far right lane in front of the Waymo AV. The Waymo AV was decelerating when the test driver transitioned to manual mode. The Waymo AV then made contact with the SUV. At the time of the impact, the Waymo AV's Level 4 ADS was not engaged and a test driver (in the driver's seating position) was operating the Waymo AV in manual mode. The Waymo AV sustained damage to its front driver side fender and the SUV sustained damage to its front passenger side fender. 
Waymo is reporting this crash under Request No. 1 of Standing General Order 2021-01 because a vehicle involved was towed away. Waymo may supplement or correct its reporting with additional information as it may become available. This report was submitted from the Pacific time zone on the required date.",
30412-1870,1,Cruise LLC,Monthly,11,2021,DEC-2021,5G21A6P02L4, ,N/A,Chevrolet,Bolt, ,2020, ,b43e9bbd3c760e2,31487, ,In-Vehicle and Remote (Commercial / Test),"[REDACTED, MAY CONTAIN CONFIDENTIAL BUSINESS INFORMATION]", ,Y,, , ,, , ,, , ,,, , ,,,Yes,ADS,Cruise, , , , , ,Y, , ,,NOV-2021, ,NOV-2021,15:05, ,f569d4f9a3d9b18,[MAY CONTAIN PERSONALLY IDENTIFIABLE INFORMATION], ,[MAY CONTAIN PERSONALLY IDENTIFIABLE INFORMATION], ,[MAY CONTAIN PERSONALLY IDENTIFIABLE INFORMATION], ,San Francisco, ,CA ,[MAY CONTAIN PERSONALLY IDENTIFIABLE INFORMATION], ,Intersection,Dry,No Unusual Conditions,25, ,Daylight,Y, , , , , , , ,,Passenger Car,No Injuries Reported,Yes,Making Left Turn,No,No, , ,Y, , , , , , , , ,Proceeding Straight,No,No,Yes,0, ,Y, , , , , , , , , , ,Y, ,Y, ,Y,Y, , ,No,, ,Yes,, ,, ,, ,"[REDACTED, MAY CONTAIN CONFIDENTIAL BUSINESS INFORMATION]",Y,"A Cruise autonomous vehicle (""Cruise AV""), operating in supervised autonomous mode, was at a complete stop in response to a red light on southbound [XXX] at the intersection with [XXX]. As the Cruise AV entered the intersection on a green light and continued southbound on [XXX], a Honda Civic traveling northbound on [XXX] initiated an unprotected left turn in the intersection. The Cruise AV hard braked but, shortly thereafter, the Honda Civic made contact with the Cruise AV, damaging the back left bumper of the Cruise AV. Police were not called to the scene and no injuries were reported. [REDACTED CONFIDENTIAL BUSINESS INFORMATION]",Y
30270-1831,1,Waymo LLC,1-Day,,,DEC-2021,SADHW2S13M1, ,N/A,Jaguar,I-Pace, ,2021, ,f97408305266b85,13034, ,In-Vehicle (Commercial / Test),5th Generation ADS, , ,, , ,, , ,, , ,,, , ,,,Yes,ADS,Waymo LLC, , ,Y, , , , , ,,NOV-2021, ,NOV-2021,18:08, ,462947832bd2caa,[MAY CONTAIN PERSONALLY IDENTIFIABLE INFORMATION], ,[MAY CONTAIN PERSONALLY IDENTIFIABLE INFORMATION], ,[MAY CONTAIN PERSONALLY IDENTIFIABLE INFORMATION], ,San Francisco, ,CA ,[MAY CONTAIN PERSONALLY IDENTIFIABLE INFORMATION], ,Intersection,Dry,No Unusual Conditions,25, ,Dark - Lighted,Y, , , , , , , ,,Passenger Car,No Injuries Reported,Yes,Proceeding Straight,No,No, , , , , ,Y, , , , , ,Stopped,No,Yes,Yes,0, ,Y, , ,Y, , , , , , , , , ,Y, ,Y,Y, , ,No,, ,Yes,, ,, ,, ,Yes, ,"The content of this report is unchanged from the initial report submitted on November [XXX], 2021 [Report ID # 30270-1786-1]. 
On November [XXX], 2021 at 6:08 PM PST a Waymo Autonomous Vehicle ('Waymo AV') operating in San Francisco, CA was in a collision involving a passenger vehicle at [XXX] at [XXX]. 
The Waymo AV was stopped at a red light on eastbound [XXX] at [XXX] when a passenger vehicle struck the Waymo AV's rear bumper. At the time of the impact, the Waymo AV's Level 4 ADS was engaged in autonomous mode, and a test driver was present (in the driver's seating position). The Waymo AV's rear bumper sustained damage, and the passenger vehicle's front bumper sustained damage.
Waymo is reporting this crash under Request No. 1 of Standing General Order 2021-01 because a vehicle involved was towed away. Waymo may supplement or correct its reporting with additional information as it may become available. This report was submitted from the Pacific time zone on the required date.",
30270-1824,1,Waymo LLC,1-Day,,,DEC-2021,SADHW2S18M1, ,N/A,Jaguar,I-Pace, ,2021, ,3fa13431ff0349d,15812, ,In-Vehicle (Commercial / Test),5th Generation ADS, , ,, , ,, , ,, , ,,, , ,,,Yes,ADS,Waymo LLC, , ,Y, , , , , ,,NOV-2021, ,NOV-2021,20:02, ,e6fdd97cb301d10,[MAY CONTAIN PERSONALLY IDENTIFIABLE INFORMATION], ,[MAY CONTAIN PERSONALLY IDENTIFIABLE INFORMATION], ,[MAY CONTAIN PERSONALLY IDENTIFIABLE INFORMATION], ,San Francisco, ,CA ,[MAY CONTAIN PERSONALLY IDENTIFIABLE INFORMATION], ,Intersection,Dry,No Unusual Conditions,25, ,Dark - Lighted,Y, , , , , , , ,,Passenger Car,Unknown,Yes,Making Left Turn,Unknown,No, , , , , , , , , , ,Y,Stopped,No,Yes,Yes,0, ,Y, , , , , , , , , , , , ,Y, ,Y,Y, , ,No,, ,Yes,, ,, ,, ,Yes, ,"The content of this report is unchanged from the initial report submitted by email on November [XXX], 2021 [Report ID #30270-1787-1]. 
On November [XXX], 2021 at 8:02 PM PST a Waymo Autonomous Vehicle ('Waymo AV') operating in San Francisco, CA was in a collision involving a passenger vehicle at [XXX], [XXX], and [XXX]. 
The Waymo AV was traveling southbound on [XXX], a narrow road with vehicles parked on both sides, and approaching the intersection with [XXX] and [XXX]. A passenger vehicle approaching from the right of the Waymo AV on eastbound [XXX] made a left turn in front of the Waymo AV to head northbound on [XXX]. The Waymo AV slowed to a near stop and nudged to its right in order to share the narrow road with the oncoming vehicle and then came to a stop at the stop sign as the oncoming vehicle completed its turn. At approximately 5 mph, the turning passenger vehicle made contact with Waymo AV's sensor hardware housing on the driver side rear corner fender of the stopped Waymo AV. At the time of the impact, the Waymo AV's Level 4 ADS was engaged in autonomous mode, and a test driver was present (in the driver's seating position). The Waymo AV sustained minor damage to the sensor hardware housing (which was the reason for towing the Waymo AV) and the passenger vehicle left the scene without exchanging information.
Waymo is reporting this crash under Request No. 1 of Standing General Order 2021-01 because a vehicle involved was towed away. Waymo may supplement or correct its reporting with additional information as it may become available.",
30531-1782,2,Transdev Alternative Services,10-Day Update,,,DEC-2021,SADHW2S16M1, ,N/A,Jaguar,I-Pace, ,2021, ,cf331f383ea5d94,23878, ,In-Vehicle (Commercial / Test),,Y, ,, , ,, , ,, , ,,, , ,,,Yes,ADS,Waymo LLC., , , , ,Y, , , ,,NOV-2021, ,NOV-2021,00:39, ,8f5dc21a34007ed,,Y,,Y,[MAY CONTAIN PERSONALLY IDENTIFIABLE INFORMATION], ,Phoenix, ,AZ ,[MAY CONTAIN PERSONALLY IDENTIFIABLE INFORMATION], ,Intersection,Dry,No Unusual Conditions,35, ,Daylight,Y, , , , , , , ,,Passenger Car,Unknown,Yes,Proceeding Straight,Yes,Yes, , ,Y, , ,Y, , ,Y, , ,Stopped,No,Yes,Yes,0, ,Y, , ,Y, , ,Y, , , , , , , , ,Y,Y, , ,Yes,Phoenix Police Department, ,Yes,[MAY CONTAIN PERSONALLY IDENTIFIABLE INFORMATION], ,[MAY CONTAIN PERSONALLY IDENTIFIABLE INFORMATION], ,,Y,Yes, ,"The content of this report is unchanged from the initial report submitted on November [XXX], 2021 [Report ID # 30531-1782-2]. 
On November [XXX], 2021 at 12:39 AM PST a Waymo Autonomous Vehicle ('Waymo AV') operating in Phoenix, AZ was in a collision involving a passenger vehicle at [XXX] and [XXX]. 
The Waymo AV was stopped at a right light on southbound [XXX] at [XXX] when a passenger vehicle struck the Waymo AV's rear bumper. At the time of the impact, the Waymo AV's Level 4 ADS was engaged in autonomous mode, and a test driver was present (in the driver's seating position). The Waymo AV's rear bumper and undercarriage sustained damage, and the passenger vehicle's front bumper and hood sustained damage.
Transdev Alternative Services is reporting this crash under Request No. 1 of Standing General Order 2021-01. Transdev may supplement or correct its reporting with additional information as it may become available. This report is a duplicate to Waymo's original report WaymoLLC-202111[XXX]-0 (rev.202111[XXX]125446).",
30270-1815,1,Waymo LLC,1-Day,,,DEC-2021,SADHW2S10M1, ,N/A,Jaguar,I-Pace, ,2021, ,07333aef835ef03,17392, ,In-Vehicle (Commercial / Test),5th Generation ADS, , ,, , ,, , ,, , ,,, , ,,,Yes,ADS,Waymo LLC, , ,Y, , , , , ,,DEC-2021, ,DEC-2021,16:30, ,92abe0be65a945a,[MAY CONTAIN PERSONALLY IDENTIFIABLE INFORMATION], ,[MAY CONTAIN PERSONALLY IDENTIFIABLE INFORMATION], ,[MAY CONTAIN PERSONALLY IDENTIFIABLE INFORMATION], ,San Francisco, ,CA ,[MAY CONTAIN PERSONALLY IDENTIFIABLE INFORMATION], ,Street,Unknown,No Unusual Conditions,25, ,Daylight, , , , , , ,Y, ,,SUV,No Injuries Reported,Yes,Changing Lanes,No,Unknown, , , , , , , , ,Y, , ,Proceeding Straight,No,Yes,Yes,8, , , ,Y, , , , , , , , , , ,Y, ,Y,Y, , ,No,, ,Yes,, ,, ,, ,Yes, ,"On December [XXX], 2021 at 4:30 PM PST a Waymo Autonomous Vehicle ('Waymo AV') operating in San Francisco, CA was in a collision involving an SUV on [XXX] between [XXX] and [XXX] avenues. 
While in autonomous mode, the Waymo AV turned right from southbound [XXX] onto westbound [XXX]. As the Waymo AV proceeded onto [XXX] in the far right lane, an SUV also proceeding westbound on [XXX] made a continuous right lane change from the far left lane, through the middle lane, and entered the far right lane in front of the Waymo AV. The Waymo AV was decelerating when the test driver transitioned to manual mode. The Waymo AV then made contact with the SUV. At the time of the impact, the Waymo AV's Level 4 ADS was not engaged and a test driver (in the driver's seating position) was operating the Waymo AV in manual mode. The Waymo AV sustained damage to its front driver side fender and the SUV sustained damage to its front passenger side fender. 
Waymo is reporting this crash under Request No. 1 of Standing General Order 2021-01 because a vehicle involved was towed away. Waymo may supplement or correct its reporting with additional information as it may become available. This report was submitted from the Central time zone on the required date.",